Rank,Name,Position,Projected Points
1,Jahmyr Gibbs,RB,27.03
2,Bryce Young,QB,25.79
3,Josh Allen,QB,25.68
4,Brock Purdy,QB,24.89
5,Derrick Henry,RB,23.0
6,Trevor Lawrence,QB,22.12
7,Christian McCaffrey,RB,21.68
8,Dak Prescott,QB,21.59
9,Lamar Jackson,QB,21.11
10,Patrick Mahomes,QB,21.1
11,Joe Burrow,QB,20.95
12,Jalen Hurts,QB,20.92
13,Drake Maye,QB,20.85
14,Daniel Jones,QB,20.31
15,Bijan Robinson,RB,20.26
16,Kirk Cousins,QB,20.18
17,C.J. Stroud,QB,20.06
18,Sam Darnold,QB,19.91
19,Kyler Murray,QB,19.45
20,Amon-Ra St. Brown,WR,19.37
21,Jonathan Taylor,RB,19.23
22,Tyler Shough,QB,18.95
23,Ja'Marr Chase,WR,18.92
24,Marcus Mariota,QB,18.61
25,Jared Goff,QB,18.18
26,Matthew Stafford,QB,18.06
27,Jordan Love,QB,18.0
28,Jameis Winston,QB,17.73
29,Jacoby Brissett,QB,17.64
30,Aaron Rodgers,QB,17.54
31,Malik Willis,QB,17.52
32,Case Keenum,QB,17.38
33,Ashton Jeanty,RB,17.37
34,Puka Nacua,WR,17.27
35,Kenneth Walker III,RB,17.23
36,Trey McBride,TE,17.04
37,Bo Nix,QB,16.98
38,Justin Herbert,QB,16.91
39,Justin Jefferson,WR,16.71
40,Jaxon Smith-Njigba,WR,16.61
41,Jalon Daniels,QB,16.61
42,Deshaun Watson,QB,16.22
43,Drake London,WR,15.97
44,Geno Smith,QB,15.79
45,Nico Collins,WR,15.76
46,James Cook III,RB,15.58
47,Michael Penix Jr.,QB,15.28
48,Bucky Irving,RB,15.14
49,Chuba Hubbard,RB,14.64
50,Cam Ward,QB,14.61
51,Cam Skattebo,RB,14.61
52,Parker Washington,WR,14.31
53,Brock Bowers,TE,14.25
54,Jeremiyah Love,RB,14.2
55,Aaron Jones Sr.,RB,14.01
56,Zay Flowers,WR,14.0
57,Tyler Warren,TE,13.93
58,Garrett Wilson,WR,13.92
59,Chris Olave,WR,13.91
60,David Montgomery,RB,13.87
61,DeVonta Smith,WR,13.69
62,Davante Adams,WR,13.48
63,Chase Brown,RB,13.47
64,Javonte Williams,RB,13.44
65,Jaylen Warren,RB,13.34
66,D'Andre Swift,RB,13.32
67,Tee Higgins,WR,13.14
68,Stefon Diggs,WR,13.1
69,George Kittle,TE,13.09
70,George Pickens,WR,12.85
71,Rashee Rice,WR,12.83
72,Michael Wilson,WR,12.73
73,Terry McLaurin,WR,12.58
74,CeeDee Lamb,WR,12.56
75,Christian Watson,WR,12.55
76,Emeka Egbuka,WR,12.54
77,Braelon Allen,RB,12.49
78,Bhayshul Tuten,RB,12.43
79,Deebo Samuel Sr.,WR,12.38
80,Josh Downs,WR,12.17
81,Mike Evans,WR,12.08
82,Travis Kelce,TE,11.91
83,Quinshon Judkins,RB,11.84
84,Isaiah Likely,TE,11.6
85,Kyren Williams,RB,11.45
86,Luther Burden III,WR,11.41
87,DJ Moore,WR,11.29
88,Saquon Barkley,RB,11.22
89,Omarion Hampton,RB,11.2
90,Jack Strand,QB,11.2
91,Malik Nabers,WR,11.14
92,Tony Pollard,RB,11.13
93,Carnell Tate,WR,11.08
94,Harold Fannin Jr.,TE,11.05
95,Tetairoa McMillan,WR,11.02
96,Dalton Kincaid,TE,10.81
97,Ollie Gordon II,RB,10.81
98,Rhamondre Stevenson,RB,10.74
99,DK Metcalf,WR,10.71
100,Jaylen Waddle,WR,10.68
101,Jalen Coker,WR,11.3
102,Matthew Golden,WR,10.7
103,Ladd McConkey,WR,10.6
104,Wan'Dale Robinson,WR,10.3
105,TreVeyon Henderson,RB,10.2
106,Kendre Miller,RB,10.1
107,Jordan Addison,WR,10.1
108,Roman Wilson,WR,10.1
109,Jake Ferguson,TE,10.1
110,Jacory Croskey-Merritt,RB,10.1
111,Keenan Allen,WR,10.0
112,Denzel Boston,WR,9.9
113,Michael Pittman Jr.,WR,9.6
114,Alvin Kamara,RB,9.6
115,Kalif Raymond,WR,9.5
116,Rome Odunze,WR,9.4
117,Isaiah Davis,RB,9.3
118,Rico Dowdle,RB,9.3
119,RJ Harvey,RB,9.2
120,Juwan Johnson,TE,9.1
121,Xavier Worthy,WR,8.9
122,Sam LaPorta,TE,8.9
123,Quentin Johnston,WR,8.9
124,Tre Tucker,WR,8.8
125,Courtland Sutton,WR,8.8
126,Mark Andrews,TE,8.7
127,Pat Freiermuth,TE,8.7
128,T.J. Hockenson,TE,8.6
129,Adonai Mitchell,WR,8.6
130,Rachaad White,RB,8.6
131,Jameson Williams,WR,8.5
132,Dontayvion Wicks,WR,8.5
133,Tucker Kraft,TE,8.3
134,Malik Washington,WR,8.2
135,Woody Marks,RB,8.1
136,Kaleb Johnson,RB,8.1
137,Blake Corum,RB,8.1
138,Khalil Shakir,WR,8.0
139,Jaylen Wright,RB,8.0
140,Kyle Monangai,RB,8.0
141,Hunter Henry,TE,7.9
142,Colston Loveland,TE,7.9
143,KC Concepcion,WR,7.9
144,Kenyon Sadiq,TE,7.8
145,Kyle Pitts Sr.,TE,7.7
146,Devaughn Vele,WR,7.7
147,Cade Otton,TE,7.7
148,Rashod Bateman,WR,7.6
149,Ryan Flournoy,WR,7.6
150,Jakobi Meyers,WR,7.5
151,J.K. Dobbins,RB,7.4
152,Jadarian Price,RB,7.4
153,Rashid Shaheed,WR,7.4
154,Noah Fant,TE,7.3
155,AJ Barner,TE,7.3
156,DeMario Douglas,WR,7.2
157,Dalton Schultz,TE,7.2
158,Mack Hollins,WR,7.0
159,Brian Thomas Jr.,WR,7.0
160,Jauan Jennings,WR,7.0
161,Makai Lemon,WR,7.0
162,Caleb Douglas,WR,6.9
163,Romeo Doubs,WR,6.9
164,Tyjae Spears,RB,6.9
165,Brenton Strange,TE,6.8
166,Jalen Nailor,WR,6.8
167,MarShawn Lloyd,RB,6.8
168,Tyler Higbee,TE,6.8
169,Tre' Harris,WR,6.7
170,Emanuel Wilson,RB,6.7
171,Xavier Hutchinson,WR,6.6
172,Darren Waller,TE,6.6
173,Kayshon Boutte,WR,6.6
174,Brian Robinson Jr.,RB,6.5
175,Isaiah Williams,WR,6.5
176,Oronde Gadsden,TE,6.5
177,Keon Coleman,WR,6.3
178,Colby Parkinson,TE,6.3
179,Gunnar Helm,TE,6.3
180,Jahan Dotson,WR,6.2
181,Xavier Legette,WR,6.1
182,Cody White,WR,6.1
183,Kaelon Black,RB,5.9
184,Malachi Fields,WR,5.8
185,Tyler Allgeier,RB,5.8
186,Chris Bell,WR,5.8
187,Ted Hurst III,WR,5.8
188,Justice Hill,RB,5.7
189,Chris Godwin Jr.,WR,5.5
190,Keaton Mitchell,RB,5.4
191,Tyler Goodson,RB,5.3
192,Evan Engram,TE,5.3
193,Chig Okonkwo,TE,5.3
194,Pat Bryant,WR,5.2
195,Elic Ayomanor,WR,5.2
196,Kendrick Bourne,WR,5.2
197,Skyy Moore,WR,5.1
198,Michael Mayer,TE,5.1
199,Tyquan Thornton,WR,5.1
200,Mike Gesicki,TE,5.0
201,Isaac TeSlaa,WR,5.0
202,Tommy Tremble,TE,5.0
203,Olamide Zaccheaus,WR,4.9
204,Kenny Gainwell,RB,4.9
205,Greg Dulcich,TE,4.8
206,Raheim Sanders,RB,4.8
207,Cooper Kupp,WR,4.8
208,Marvin Harrison Jr.,WR,4.7
209,Chris Moore,WR,4.6
210,Malik Benson,WR,4.6
211,Darnell Mooney,WR,4.5
212,Jerry Jeudy,WR,4.5
213,Najee Harris,RB,4.4
214,George Holani,RB,4.4
215,Antonio Williams,WR,4.3
216,Mason Taylor,TE,4.2
217,Kevin Coleman Jr.,WR,4.2
218,Treylon Burks,WR,4.1
219,Chris Rodriguez Jr.,RB,4.0
220,Austin Hooper,TE,4.0
221,Laquon Treadwell,WR,4.0
222,Samaje Perine,RB,4.0
223,Dawson Knox,TE,4.0
224,Theo Johnson,TE,3.9
225,Kyle Williams,WR,3.8
226,Jared Wayne,WR,3.8
227,Jonnu Smith,TE,3.8
228,Josh Cameron,WR,3.5
229,LaJohntay Wester,WR,3.5
230,AJ Dillon,RB,3.5
231,Tez Johnson,WR,3.4
232,Noah Gray,TE,3.3
233,Joshua Palmer,WR,3.3
234,Kimani Vidal,RB,3.3
235,Dareke Young,WR,3.3
236,Ty Johnson,RB,3.2
237,Zach Ertz,TE,3.2
238,Bryce Lance,WR,3.2
239,Darnell Washington,TE,3.2
240,Mike Washington Jr.,RB,3.1
241,Jacob Cowing,WR,3.0
242,Jaylin Noel,WR,3.0
243,Seth McGowan,RB,3.0
244,Dohnte Meyers,WR,2.9
245,Chris Brooks,RB,2.9
246,Chris Blair,WR,2.9
247,Emmett Johnson,RB,2.9
248,Tyler Badie,RB,2.8
249,CJ Donaldson,RB,2.8
250,Cole Kmet,TE,2.7
251,Marvin Mims Jr.,WR,2.7
252,Daniel Bellinger,TE,2.6
253,Bo Melton,WR,2.6
254,Elijah Moore,WR,2.5
255,Will Shipley,RB,2.5
256,Darius Cooper,WR,2.5
257,DeeJay Dallas,RB,2.4
258,Sione Vaki,RB,2.4
259,Tank Bigsby,RB,2.4
260,Jalen Royals,WR,2.4
261,Davis Allen,TE,2.4
262,Ray Davis,RB,2.3
263,Elijah Higgins,TE,2.3
264,Foster Moreau,TE,2.3
265,KaVontae Turpin,WR,2.3
266,Dyami Brown,WR,2.2
267,Jeremy Ruckert,TE,2.2
268,Roschon Johnson,RB,2.1
269,Eric Saubert,TE,2.1
270,Demond Claiborne,RB,2.1
271,Drew Sample,TE,2.0
272,Ben Skowronek,WR,2.0
273,Tory Horton,WR,2.0
274,Zachariah Branch,WR,2.0
275,Lew Nichols,RB,2.0
276,Eli Raridon,TE,1.9
277,Dean Connors,RB,1.9
278,Blake Whiteheart,TE,1.8
279,Brenen Thompson,WR,1.8
280,Calvin Ridley,WR,1.8
281,Nate Adkins,TE,1.7
282,Jahdae Walker,WR,1.7
283,Troy Franklin,WR,1.7
284,Hayden Rucci,TE,1.7
285,Odell Beckham Jr.,WR,1.7
286,Johnny Mundt,TE,1.6
287,Efton Chism III,WR,1.6
288,Tanner Arkin,TE,1.6
289,Kolbe Katsis,WR,1.6
290,Mitchell Evans,TE,1.5
291,Luke Farrell,TE,1.5
292,Ashton Dulin,WR,1.4
293,Patrick Herbert,TE,1.4
294,Sam Roush,TE,1.4
295,Jamaal Pritchett,WR,1.4
296,Malik McClain,WR,1.4
297,Ryan Miller,WR,1.4
298,Devontez Walker,WR,1.3
299,Konata Mumpfield,WR,1.3
300,Brock Wright,TE,1.3
301,Chimere Dike,WR,1.3
302,Adam Trautman,TE,1.2
303,Tai Felton,WR,1.1
304,Germie Bernard,WR,1.1
305,Erick All Jr.,TE,1.1
306,Brycen Tremayne,WR,1.0
307,Quintin Morris,TE,1.0
308,John Bates,TE,1.0
309,Hunter Luepke,RB,1.0
310,Bauer Sharp,TE,1.0
311,Jackson Hawes,TE,1.0
312,J. Michael Sturdivant,WR,1.0
313,Jordan Watkins,WR,1.0
314,Ameer Abdullah,RB,0.9
315,Mo Alie-Cox,TE,0.9
316,Gavin Bartholomew,TE,0.9
317,Travis Hunter,WR,0.9
318,Brevyn Spann-Ford,TE,0.9
319,Nick Muse,TE,0.8
320,Jaleel McLaughlin,RB,0.8
321,Elijah Arroyo,TE,0.8
322,Jordan Whittington,WR,0.8
323,Nate Boerkircher,TE,0.8
324,KhaDarel Hodge,WR,0.8
325,Tyrone Tracy Jr.,RB,0.8
326,E.J. Jenkins,TE,0.8
327,Ben Sinnott,TE,0.8
328,John Metchie III,WR,0.8
329,Payne Durham,TE,0.8
330,Xavier Smith,WR,0.7
331,Keleki Latu,TE,0.7
332,Josh Cuevas,TE,0.7
333,Hunter Long,TE,0.7
334,Drew Ogletree,TE,0.7
335,Derius Davis,WR,0.7
336,Nicholas Singleton,RB,0.6
337,Rasheen Ali,RB,0.6
338,Zavion Thomas,WR,0.6
339,Jake Briningstool,TE,0.6
340,Luke Schoonmaker,TE,0.6
341,Will Kacmarek,TE,0.6
342,Durham Smythe,TE,0.6
343,Tom Kennedy,WR,0.5
344,Cade Stover,TE,0.5
345,Sean Tucker,RB,0.5
346,Tylan Wallace,WR,0.4
347,Chris Manhertz,TE,0.4
348,Oscar Delp,TE,0.4
349,Connor Heyward,TE,0.3
350,Robert Tonyan,TE,0.3
351,Velus Jones Jr.,RB,0.3
352,Britain Covey,WR,0.3
353,David Martin-Robinson,TE,0.3
354,Jonathan Mingo,WR,0.3
355,Jaylin Lane,WR,0.3
356,Ke'Shawn Williams,WR,0.2
357,Devin Duvernay,WR,0.2
358,Dylan Laube,RB,0.2
359,Nikko Remigio,WR,0.1
360,Travis Homer,RB,0.1
361,Julius Chestnut,RB,0.1
362,Feleipe Franks,TE,0.0
363,Simi Fehoko,WR,0.0
364,Myles Price,WR,0.0
365,Cameron Latu,TE,0.0
366,Jalen Moreno-Cropper,WR,0.0
367,Treyton Welch,TE,0.0
368,Nick Kallerup,TE,0.0
369,Brayden Willis,TE,0.0
