"player","position","team","bye_week","points","sd_pts","dropoff","floor","ceiling","points_vor","floor_vor","ceiling_vor","rank","floor_rank","ceiling_rank","position_rank","tier","age","adp","aav","uncertainty","experience"
"Jahmyr Gibbs","RB","DET",6,25.1,0.351,3.19,24.7,25.7,16.9,18.5,15.3,1,1,1,1,"1",24,NA,NA,7,3
"Bijan Robinson","RB","ATL",11,21.9,0.432,0.408,21.5,22.4,13.7,15.3,12.1,2,2,4,2,"1",24,NA,NA,11,3
"Jonathan Taylor","RB","IND",13,21.5,1.73,1.93,19.8,23.9,13.3,13.6,13.6,3,4,2,3,"2",27,NA,NA,72,6
"Jaxon Smith-Njigba","WR","SEA",11,23.7,0.962,3.02,22.7,24.7,13.2,14.1,12.7,4,3,3,1,"1",24,NA,NA,20,3
"Christian McCaffrey","RB","SF",8,19.6,1.47,0.917,17.7,21.7,11.3,11.5,11.4,5,6,5,4,"3",30,NA,NA,55,9
"Derrick Henry","RB","BAL",13,18.7,0.673,0.357,17.9,19.6,10.4,11.7,9.24,6,5,11,5,"3",32,NA,NA,18,10
"Ja'Marr Chase","WR","CIN",6,20.6,1.62,0.636,18.8,22.8,10.2,10.2,10.8,7,7,6,2,"1",26,NA,NA,71,5
"Kenneth Walker III","RB","KC",5,18.3,1.7,1.29,15.9,20.3,10.1,9.66,10,8,8,9,6,"4",25,NA,NA,71,4
"Chris Olave","WR","NO",8,20,1.16,0.0382,18.2,21.1,9.58,9.63,9.17,9,9,12,3,"1",26,NA,NA,40,4
"Amon-Ra St. Brown","WR","DET",6,20,1.61,2.97,17.7,21.6,9.54,9.09,9.68,10,11,10,4,"2",26,NA,NA,69,5
"James Cook","RB","BUF",7,17,1.26,0.149,15.6,18.7,8.76,9.36,8.36,11,10,15,7,"5",27,NA,NA,47,4
"Trey McBride","TE","ARI",14,18.4,2.36,2.7,14.7,20.3,8.67,6.72,9.11,12,19,13,1,"1",26,NA,NA,98,4
"Ashton Jeanty","RB","LVR",13,16.9,2.29,0.826,14.8,20.6,8.61,8.61,10.3,13,12,8,8,"5",22,NA,NA,87,1
"Chase Brown","RB","CIN",6,16.1,1.92,0.0674,13.1,17.5,7.78,6.91,7.19,14,17,23,9,"5",26,NA,NA,80,3
"Chuba Hubbard","RB","CAR",5,16,1.65,0.396,14.1,18,7.72,7.86,7.73,15,14,19,10,"6",27,NA,NA,65,5
"Bucky Irving","RB","TB",10,15.6,2.42,0.0242,13.3,19.2,7.32,7.07,8.93,16,16,14,11,"6",24,NA,NA,91,2
"Cam Skattebo","RB","NYG",8,15.6,1.16,0.225,14.3,17.4,7.3,8.11,7.05,17,13,25,12,"6",24,NA,NA,44,1
"Aaron Jones","RB","MIN",6,15.4,1.83,0.0384,13.3,18.2,7.07,7.13,7.85,18,15,17,13,"6",31,NA,NA,76,9
"D'Andre Swift","RB","CHI",10,15.3,1.78,0.53,12.9,17.5,7.03,6.67,7.19,19,20,24,14,"7",27,NA,NA,75,6
"Puka Nacua","WR","LAR",11,17,4.97,0.0178,10.4,22.8,6.57,1.87,10.8,20,66,7,5,"3",25,NA,NA,99,3
"Zay Flowers","WR","BAL",13,17,2.65,0.252,13.1,19.7,6.55,4.53,7.76,21,31,18,6,"3",26,NA,NA,98,3
"Jeremiyah Love","RB","ARI",14,14.8,2.25,0.599,12.2,17.6,6.5,5.99,7.31,22,22,20,15,"7",21,NA,NA,86,0
"Justin Jefferson","WR","MIN",6,16.7,3.15,0.14,12.9,20.1,6.3,4.37,8.14,23,33,16,7,"3",27,NA,NA,99,6
"CeeDee Lamb","WR","DAL",14,16.6,2.02,0.127,13.9,19.2,6.16,5.29,7.19,24,28,22,8,"3",27,NA,NA,85,6
"Nico Collins","WR","HOU",8,16.4,2.23,0.453,13.9,18.9,6.03,5.3,6.93,25,27,26,9,"3",27,NA,NA,91,5
"Brock Bowers","TE","LVR",13,15.7,2.15,2.32,13.6,18.4,5.98,5.6,7.24,26,25,21,2,"2",23,NA,NA,96,2
"Jaylen Warren","RB","PIT",9,14.2,1.69,0.147,11.6,15.7,5.9,5.37,5.41,27,26,34,16,"7",27,NA,NA,67,4
"Josh Allen","QB","BUF",7,26.4,1.07,2.04,25.2,27.9,5.82,6.84,4.97,28,18,41,1,"1",30,NA,NA,42,8
"Javonte Williams","RB","DAL",14,14,1.7,0.254,12.5,16.7,5.76,6.33,6.38,29,21,27,17,"8",26,NA,NA,69,5
"Drake London","WR","ATL",11,16,1.28,0.298,14.3,17.5,5.58,5.72,5.53,30,23,33,10,"4",25,NA,NA,51,4
"Saquon Barkley","RB","PHI",10,13.8,1.64,0.167,11.4,15.4,5.5,5.18,5.05,31,30,38,18,"8",29,NA,NA,64,8
"Kyren Williams","RB","LAR",11,13.6,2.75,0.0363,9.19,15.8,5.34,2.99,5.53,32,47,32,19,"8",26,NA,NA,96,4
"David Montgomery","RB","HOU",8,13.6,1.37,1.38,11.9,15.4,5.3,5.68,5.1,33,24,37,20,"9",29,NA,NA,51,7
"Parker Washington","WR","JAC",7,15.7,2.4,0.244,12.3,18.3,5.28,3.74,6.36,34,38,28,11,"4",24,NA,NA,93,3
"Christian Watson","WR","GB",11,15.5,2.4,0.223,12.1,17.8,5.04,3.51,5.8,35,41,30,12,"4",27,NA,NA,94,4
"Garrett Wilson","WR","NYJ",13,15.2,1.74,0.0182,13,17.2,4.81,4.43,5.24,36,32,36,13,"4",26,NA,NA,77,4
"Davante Adams","WR","LAR",11,15.2,2.11,0.0492,12.3,17.7,4.79,3.73,5.72,37,39,31,14,"4",33,NA,NA,87,12
"Tee Higgins","WR","CIN",6,15.2,2.51,0.989,11.6,18,4.74,3.06,6.03,38,45,29,15,"5",27,NA,NA,97,6
"Bhayshul Tuten","RB","JAC",7,12.2,2.52,0.989,9.68,15.7,3.92,3.48,5.38,39,42,35,21,"10",24,NA,NA,93,1
"Lamar Jackson","QB","BAL",13,24.4,0.798,1.61,23.6,25.4,3.78,5.24,2.47,40,29,53,2,"2",29,NA,NA,31,8
"DeVonta Smith","WR","PHI",10,14.2,1.53,0.155,12.8,16.6,3.76,4.23,4.65,41,34,43,16,"5",27,NA,NA,61,5
"George Kittle","TE","SF",8,13.4,1.96,0.878,11.3,16.2,3.66,3.32,5.04,42,43,39,3,"3",32,NA,NA,94,9
"George Pickens","WR","DAL",14,14,1.58,0.0183,11.6,15.6,3.6,3.01,3.64,43,46,44,17,"5",25,NA,NA,66,4
"Tetairoa McMillan","WR","CAR",5,14,1.64,0.195,12.8,16.7,3.58,4.21,4.73,44,35,42,18,"5",23,NA,NA,72,1
"Rashee Rice","WR","KC",5,13.8,1.09,0.463,12.5,14.7,3.39,3.97,2.71,45,36,48,19,"5",26,NA,NA,34,3
"Braelon Allen","RB","NYJ",13,11.2,3.94,0.226,5.13,15.3,2.93,-1.07,4.99,46,139,40,22,"10",22,NA,NA,99,2
"Josh Downs","WR","IND",13,13.3,1.03,0.501,11.6,14.2,2.92,3.08,2.23,47,44,57,20,"6",25,NA,NA,29,3
"Tyler Warren","TE","IND",13,12.5,1.61,0.581,10.3,14.5,2.78,2.37,3.38,48,56,45,4,"3",24,NA,NA,84,1
"Quinshon Judkins","RB","CLE",11,11,0.964,0.413,10,12.2,2.71,3.81,1.93,49,37,59,23,"11",22,NA,NA,35,1
"Michael Wilson","WR","ARI",14,12.8,1.73,0.212,10.9,15,2.42,2.31,3.04,50,57,46,21,"6",26,NA,NA,76,3
"Omarion Hampton","RB","LAC",7,10.6,1.46,0.0622,8.12,11.6,2.29,1.92,1.26,51,64,70,24,"11",23,NA,NA,54,1
"Tony Pollard","RB","TEN",9,10.5,0.507,0.268,9.84,11.2,2.23,3.64,0.896,52,40,80,25,"11",29,NA,NA,13,7
"Terry McLaurin","WR","WAS",7,12.6,1.76,0.0978,10.4,14.9,2.21,1.85,2.92,53,68,47,22,"6",31,NA,NA,79,7
"Travis Kelce","TE","KC",5,11.9,0.972,0.565,10.3,12.8,2.2,2.38,1.59,54,55,64,5,"4",36,NA,NA,45,13
"Patrick Mahomes","QB","KC",5,22.8,1.64,0.111,21,24.7,2.17,2.64,1.75,55,51,61,3,"2",31,NA,NA,52,9
"Malik Nabers","WR","NYG",8,12.5,1.58,0.305,10.6,14.6,2.11,2.03,2.61,57,63,50,23,"6",23,NA,NA,67,2
"Tyler Shough","QB","NO",8,22.7,1.34,0.0414,20.9,24.5,2.06,2.53,1.58,59,53,65,4,"2",27,NA,NA,46,1
"Brock Purdy","QB","SF",8,22.6,1.98,0.155,20,25.2,2.02,1.59,2.23,60,71,56,5,"2",26,NA,NA,69,4
"Rhamondre Stevenson","RB","NE",11,10.2,1.88,0.474,7.52,12.1,1.96,1.32,1.74,61,73,63,26,"12",28,NA,NA,78,5
"Trevor Lawrence","QB","JAC",7,22.5,1.22,0.408,21.1,23.6,1.87,2.72,0.654,62,50,89,6,"2",26,NA,NA,43,5
"Jaylen Waddle","WR","DEN",10,12.2,0.997,0.0668,11.1,13.3,1.81,2.56,1.31,63,52,69,24,"6",27,NA,NA,25,5
"D.J. Moore","WR","BUF",7,12.2,1.13,0.232,10.4,13.1,1.74,1.85,1.11,64,67,74,25,"7",29,NA,NA,39,8
"Dalton Kincaid","TE","BUF",7,11.4,1.86,0.547,9.04,13.5,1.63,1.08,2.38,65,77,54,6,"4",26,NA,NA,90,3
"Stefon Diggs","WR","WAS",7,11.9,1.17,0.0159,10.3,13.5,1.51,1.76,1.51,66,69,66,26,"7",32,NA,NA,43,11
"TreVeyon Henderson","RB","NE",11,9.77,1.63,0.335,7.03,10.7,1.49,0.83,0.395,68,82,94,27,"12",23,NA,NA,62,1
"Jalen Coker","WR","CAR",5,11.9,2.33,0.434,8.56,14.6,1.49,0,2.59,67,101,51,27,"7",24,NA,NA,92,2
"C.J. Stroud","QB","HOU",8,22.1,1.92,0.342,19.2,24.1,1.46,0.842,1.15,69,81,73,7,"2",24,NA,NA,63,3
"Jacory Croskey-Merritt","RB","WAS",7,9.44,2.06,0.028,6.14,11.1,1.15,-0.0639,0.816,71,104,84,28,"12",25,NA,NA,85,1
"J.K. Dobbins","RB","DEN",10,9.41,1.43,0.0899,7.82,11.5,1.13,1.62,1.21,72,70,72,29,"12",27,NA,NA,52,6
"Bryce Young","QB","CAR",5,21.7,1.37,0.0534,20.4,23.9,1.12,2.06,0.92,73,60,78,8,"2",25,NA,NA,48,3
"Harold Fannin","TE","CLE",11,10.8,1.44,0.022,8.74,12.1,1.09,0.777,0.912,74,84,79,7,"4",22,NA,NA,76,1
"Joe Burrow","QB","CIN",6,21.7,0.543,0.109,21.1,22.4,1.06,2.79,-0.484,75,49,115,9,"2",29,NA,NA,21,6
"Emeka Egbuka","WR","TB",10,11.5,2.16,0.0389,8.86,14.6,1.06,0.298,2.62,77,91,49,28,"7",23,NA,NA,89,1
"Isaiah Likely","TE","NYG",8,10.8,1.19,0.0396,9.07,11.9,1.06,1.11,0.749,76,75,86,8,"4",26,NA,NA,60,4
"Alvin Kamara","RB","NO",8,9.32,1.28,0.106,8.11,11.3,1.04,1.91,0.943,78,65,77,30,"12",31,NA,NA,48,9
"Luther Burden","WR","CHI",10,11.4,1.74,0.289,9.31,13.8,1.02,0.748,1.87,80,85,60,29,"7",22,NA,NA,78,1
"Sam LaPorta","TE","DET",6,10.8,1.39,0.134,8.48,11.8,1.02,0.526,0.667,79,87,88,9,"4",25,NA,NA,72,3
"Dak Prescott","QB","DAL",14,21.6,1.56,0.404,19.5,23.5,0.954,1.11,0.564,81,76,90,10,"3",33,NA,NA,51,10
"RJ Harvey","RB","DEN",10,9.21,0.859,0.0326,8.25,10.2,0.93,2.05,-0.146,82,62,106,31,"12",25,NA,NA,28,1
"Jadarian Price","RB","SEA",11,9.18,1.74,0.184,6.55,11.1,0.897,0.349,0.74,83,88,87,32,"12",22,NA,NA,73,0
"Juwan Johnson","TE","NO",8,10.6,1.9,0.692,8.27,12.9,0.89,0.307,1.74,84,90,62,10,"5",30,NA,NA,91,6
"Ladd McConkey","WR","LAC",7,11.2,0.49,0.0255,10.6,11.7,0.734,2.05,-0.22,85,61,107,30,"7",24,NA,NA,2,2
"Kyle Monangai","RB","CHI",10,9,1.69,0.647,6.2,10.3,0.713,0,0,87,101,101,33,"13",24,NA,NA,68,1
"Jordan Addison","WR","MIN",6,11.1,1.47,0.0352,9.44,12.9,0.708,0.881,0.888,89,80,82,31,"7",24,NA,NA,56,3
"Mike Evans","WR","SF",8,11.1,2.21,0.00567,8.76,14.3,0.673,0.199,2.32,90,93,55,32,"7",33,NA,NA,90,12
"Matthew Golden","WR","GB",11,11.1,0.9,0.332,10,12,0.667,1.46,0.0289,91,72,99,33,"8",23,NA,NA,17,1
"Jared Goff","QB","DET",6,21.2,1.7,0.348,19.6,23.8,0.55,1.28,0.873,93,74,83,11,"3",31,NA,NA,57,10
"Carnell Tate","WR","TEN",9,10.8,1.09,0.254,9.5,12.3,0.336,0.942,0.341,95,79,95,34,"8",21,NA,NA,36,0
"Kyler Murray","QB","MIN",6,20.8,2.14,0.201,17.7,22.6,0.201,-0.684,-0.349,96,126,112,12,"3",29,NA,NA,73,7
"Mark Andrews","TE","BAL",13,9.94,1.52,0.101,8.14,12.1,0.198,0.183,0.891,97,94,81,11,"5",31,NA,NA,80,8
"Tucker Kraft","TE","GB",11,9.84,1.15,0.0966,8.27,10.8,0.0966,0.31,-0.328,98,89,111,12,"5",25,NA,NA,57,3
"Deebo Samuel","WR","SF",8,10.5,1.46,0.0817,8.42,12,0.0817,-0.138,0,99,106,101,35,"8",30,NA,NA,55,7
"MarShawn Lloyd","RB","GB",11,8.35,2.54,0.0664,4.99,11.7,0.0664,-1.21,1.4,100,142,68,34,"13",25,NA,NA,94,2
"Jacoby Brissett","QB","ARI",14,20.6,1.93,0.249,18.2,23.2,0,-0.157,0.274,101,107,96,13,"3",33,NA,NA,66,10
"Travis Etienne","RB","NO",8,8.28,0,0.0665,8.28,8.28,0,2.08,-2.03,101,59,160,35,"13",27,NA,NA,1,5
"Jameson Williams","WR","DET",6,10.4,1.25,0.259,8.37,11.5,0,-0.195,-0.477,101,109,114,36,"8",25,NA,NA,49,4
"Dalton Schultz","TE","HOU",8,9.74,1.77,0.499,7.96,12.4,0,0,1.23,101,101,71,13,"6",30,NA,NA,85,8
"Kenneth Gainwell","RB","TB",10,8.22,1.01,0.577,7,9.28,-0.0665,0.805,-1.04,103,83,126,36,"14",27,NA,NA,39,5
"Matthew Stafford","QB","LAR",11,20.4,2.53,0.124,17.1,23.9,-0.249,-1.28,0.955,106,144,76,14,"3",38,NA,NA,85,17
"Jakobi Meyers","WR","JAC",7,10.2,1.04,0.0339,8.57,11.1,-0.259,0.00725,-0.867,108,100,123,37,"8",29,NA,NA,30,7
"Keenan Allen","WR","IND",13,10.1,0.508,0.037,9.52,10.8,-0.293,0.955,-1.13,109,78,129,38,"8",34,NA,NA,3,13
"DK Metcalf","WR","PIT",9,10.1,1.16,0.191,8.23,11.2,-0.33,-0.334,-0.734,111,116,119,39,"8",28,NA,NA,41,7
"Drake Maye","QB","NE",11,20.2,1.93,0.0785,18.4,22.8,-0.373,0,-0.112,113,101,104,15,"3",24,NA,NA,64,2
"Daniel Jones","QB","IND",13,20.2,2.64,0.0167,15.9,22.3,-0.451,-2.48,-0.593,115,181,116,16,"3",29,NA,NA,90,7
"Sam Darnold","QB","SEA",11,20.1,1.02,0.653,18.6,21.2,-0.468,0.291,-1.73,117,92,147,17,"4",29,NA,NA,37,8
"Colston Loveland","TE","CHI",10,9.24,1.5,0.034,6.86,10.4,-0.499,-1.1,-0.786,118,140,121,14,"6",22,NA,NA,79,1
"Wan'Dale Robinson","WR","TEN",9,9.9,1.02,0.137,8.32,11,-0.522,-0.246,-1.01,119,113,125,40,"8",25,NA,NA,28,4
"Hunter Henry","TE","NE",11,9.21,1.45,0.00316,7.73,11.2,-0.533,-0.233,0,120,112,101,15,"6",31,NA,NA,77,10
"Kenyon Sadiq","TE","NYJ",13,9.2,1.18,0.0541,7.92,10.9,-0.537,-0.0369,-0.26,121,102,109,16,"6",21,NA,NA,59,0
"Dallas Goedert","TE","PHI",10,9.15,1.79,0.578,7.15,11,-0.591,-0.805,-0.142,123,132,105,17,"6",31,NA,NA,87,8
"Woody Marks","RB","HOU",8,7.64,0.779,0.242,6.82,8.74,-0.644,0.623,-1.58,125,86,140,37,"14",25,NA,NA,21,1
"Devaughn Vele","WR","NO",8,9.76,1.56,0.215,8.33,12.1,-0.659,-0.23,0.159,126,111,97,41,"9",28,NA,NA,64,2
"Tre Tucker","WR","LVR",13,9.54,1.02,0.0732,8.34,10.6,-0.873,-0.218,-1.34,132,110,138,42,"9",25,NA,NA,26,3
"Rachaad White","RB","WAS",7,7.4,0.743,0.269,6.35,8.06,-0.886,0.155,-2.25,133,95,166,38,"14",27,NA,NA,19,4
"Denzel Boston","WR","CLE",11,9.47,1.79,0.027,7.32,12.1,-0.947,-1.24,0.144,134,143,98,43,"9",22,NA,NA,80,0
"Romeo Doubs","WR","NE",11,9.44,1.1,0.0911,7.82,10.7,-0.974,-0.742,-1.28,135,128,135,44,"9",26,NA,NA,38,4
"Rome Odunze","WR","CHI",10,9.35,1.49,0.00389,7.76,11.2,-1.06,-0.798,-0.748,136,131,120,45,"9",24,NA,NA,59,2
"Malik Washington","WR","MIA",6,9.35,0.986,0.00798,7.88,10.3,-1.07,-0.681,-1.68,137,125,145,46,"9",25,NA,NA,23,2
"Mack Hollins","WR","NE",11,9.34,1.3,0.0262,7.86,11.2,-1.08,-0.7,-0.724,138,127,117,47,"9",33,NA,NA,52,9
"Courtland Sutton","WR","DEN",10,9.31,0.702,0.38,8.52,9.99,-1.1,-0.0409,-1.98,140,103,154,48,"9",30,NA,NA,9,8
"Jordan Love","QB","GB",11,19.5,2.01,0.139,16.5,21.3,-1.12,-1.82,-1.59,142,160,141,18,"4",27,NA,NA,70,6
"Tyjae Spears","RB","TEN",9,7.13,0.832,0.177,5.93,7.84,-1.15,-0.265,-2.47,143,114,173,39,"14",25,NA,NA,27,3
"Brenton Strange","TE","JAC",7,8.57,1.34,0.162,6.54,10,-1.17,-1.42,-1.15,144,152,132,18,"7",25,NA,NA,70,3
"Jalen Hurts","QB","PHI",10,19.3,2.3,0.734,16.9,22.9,-1.26,-1.47,0,146,154,101,19,"4",28,NA,NA,84,6
"Tyler Allgeier","RB","ARI",14,6.95,0.897,0.0359,5.75,7.73,-1.33,-0.446,-2.58,148,118,178,40,"15",26,NA,NA,31,4
"Kyle Pitts","TE","ATL",11,8.41,1.07,0.0401,6.64,9.14,-1.33,-1.32,-2.03,147,146,159,19,"7",25,NA,NA,52,5
"Ollie Gordon","RB","MIA",6,6.92,2.29,0.335,4.08,10,-1.37,-2.12,-0.286,149,171,110,41,"15",22,NA,NA,88,1
"T.J. Hockenson","TE","MIN",6,8.37,0.746,0.0942,7.36,9.26,-1.37,-0.599,-1.91,150,123,153,20,"7",29,NA,NA,28,7
"Cade Otton","TE","TB",10,8.27,0.882,0.113,6.9,9.19,-1.47,-1.05,-1.98,151,138,156,21,"7",27,NA,NA,38,4
"Khalil Shakir","WR","BUF",7,8.93,0.861,0.0236,8.37,10.4,-1.48,-0.193,-1.61,152,108,143,49,"9",26,NA,NA,14,4
"Chris Godwin","WR","TB",10,8.91,1.49,0.0385,6.48,9.98,-1.51,-2.08,-1.99,154,167,158,50,"9",30,NA,NA,60,9
"Quentin Johnston","WR","LAC",7,8.87,1.54,0.0259,7.71,11.2,-1.55,-0.854,-0.727,155,133,118,51,"9",25,NA,NA,63,3
"Brian Thomas Jr.","WR","JAC",7,8.85,1.23,0.102,7.2,10.1,-1.57,-1.36,-1.84,156,148,151,52,"9",23,NA,NA,48,2
"Jake Ferguson","TE","DAL",14,8.16,1.22,0.634,6.78,9.89,-1.58,-1.17,-1.28,157,141,136,22,"7",27,NA,NA,62,4
"Xavier Worthy","WR","KC",5,8.74,0.883,0.0911,7.55,9.43,-1.67,-1.01,-2.54,158,137,176,53,"9",23,NA,NA,16,2
"Rico Dowdle","RB","PIT",9,6.58,2.05,0.359,3.3,8.52,-1.7,-2.89,-1.79,159,200,150,42,"15",28,NA,NA,84,6
"Kalif Raymond","WR","CHI",10,8.65,0.965,0.218,7.56,9.77,-1.76,-1.01,-2.2,160,136,163,54,"9",32,NA,NA,21,10
"Michael Pittman","WR","PIT",9,8.43,0.457,0.228,7.77,8.93,-1.98,-0.796,-3.04,163,130,189,55,"10",28,NA,NA,1,6
"Bo Nix","QB","DEN",10,18.6,2.54,1.27,16.5,22.5,-1.99,-1.89,-0.383,164,162,113,20,"5",26,NA,NA,87,2
"Jaylen Wright","RB","MIA",6,6.22,2.84,0.0393,4.02,10.8,-2.06,-2.18,0.535,165,175,92,43,"15",23,NA,NA,98,2
"Blake Corum","RB","LAR",11,6.18,0.664,0.336,5.42,6.96,-2.1,-0.776,-3.36,166,129,198,44,"16",25,NA,NA,16,2
"KC Concepcion","WR","CLE",11,8.21,1.23,0.297,6.49,9.37,-2.21,-2.08,-2.59,167,166,179,56,"10",22,NA,NA,47,0
"Mike Gesicki","TE","CIN",6,7.53,1.25,0.0064,5.77,8.95,-2.21,-2.19,-2.22,168,177,165,23,"7",30,NA,NA,65,8
"AJ Barner","TE","SEA",11,7.52,1.12,0.0616,6.34,9.19,-2.22,-1.62,-1.98,169,158,157,24,"8",24,NA,NA,56,2
"Darren Waller","TE","CAR",5,7.46,1.43,0.198,5.83,8.96,-2.28,-2.13,-2.21,170,173,164,25,"8",34,NA,NA,74,11
"Emanuel Wilson","RB","SEA",11,5.85,1.43,0.0387,3.49,6.79,-2.44,-2.71,-3.52,172,190,200,45,"16",27,NA,NA,53,3
"Isaiah Davis","RB","NYJ",13,5.81,1.54,0.0788,3.45,7.16,-2.48,-2.75,-3.15,173,193,192,46,"16",24,NA,NA,59,2
"Pat Freiermuth","TE","PIT",9,7.26,0.591,0.405,6.36,7.88,-2.48,-1.59,-3.29,174,156,196,26,"8",27,NA,NA,18,5
"Ryan Flournoy","WR","DAL",14,7.91,0.531,0.114,7.2,8.39,-2.51,-1.36,-3.58,175,149,202,57,"10",26,NA,NA,6,2
"Chris Rodriguez","RB","JAC",7,5.73,1.51,0.094,3.45,7.11,-2.55,-2.75,-3.21,176,192,194,47,"16",27,NA,NA,58,3
"Adonai Mitchell","WR","NYJ",13,7.8,2.07,0.0504,4.99,10.2,-2.62,-3.58,-1.77,177,212,148,58,"10",23,NA,NA,86,2
"Breece Hall","RB","NYJ",13,5.64,5.21,0.19,0.197,12.5,-2.65,-6,2.19,178,308,58,48,"16",25,NA,NA,99,4
"Marvin Harrison Jr.","WR","ARI",14,7.74,1.71,0.0168,5.18,9.68,-2.67,-3.38,-2.28,180,207,167,59,"10",24,NA,NA,75,2
"Demario Douglas","WR","NE",11,7.73,1.54,0.114,5.9,9.99,-2.69,-2.66,-1.98,181,187,155,60,"10",25,NA,NA,62,3
"Rashod Bateman","WR","BAL",13,7.61,1.1,0.136,5.85,8.67,-2.8,-2.71,-3.3,182,191,197,61,"10",26,NA,NA,37,5
"Kendre Miller","RB","NO",8,5.45,1.36,0.127,3.41,6.36,-2.84,-2.78,-3.96,183,194,215,49,"16",24,NA,NA,49,3
"Greg Dulcich","TE","MIA",6,6.86,1.09,0.312,5.94,8.56,-2.88,-2.02,-2.6,184,165,181,27,"8",26,NA,NA,55,4
"Xavier Hutchinson","WR","HOU",8,7.48,1.22,0.0216,6.01,8.95,-2.94,-2.55,-3.02,185,184,188,62,"10",26,NA,NA,46,3
"Dontayvion Wicks","WR","PHI",10,7.46,1.35,0.32,5.67,9.19,-2.96,-2.89,-2.78,186,198,185,63,"11",25,NA,NA,54,3
"Justice Hill","RB","BAL",13,5.32,0.807,0.0127,4.08,6.06,-2.97,-2.12,-4.26,187,170,221,50,"16",28,NA,NA,24,7
"George Holani","RB","SEA",11,5.31,2.02,0.19,3.5,8.41,-2.98,-2.7,-1.91,188,189,152,51,"16",26,NA,NA,82,2
"Brian Robinson","RB","ATL",11,5.12,0.637,0.0721,4.08,5.52,-3.17,-2.12,-4.8,189,172,238,52,"16",27,NA,NA,15,4
"Oronde Gadsden","TE","LAC",7,6.54,1.08,0.188,5.17,7.98,-3.19,-2.79,-3.19,190,195,193,28,"9",23,NA,NA,54,1
"Najee Harris","RB","NYG",8,5.04,0.167,0.0739,4.82,5.24,-3.24,-1.38,-5.07,191,150,243,53,"16",28,NA,NA,2,5
"Justin Herbert","QB","LAC",7,17.3,2.2,0.0796,15.4,20.5,-3.27,-3,-2.44,193,204,171,21,"5",28,NA,NA,78,6
"Rashid Shaheed","WR","SEA",11,7.14,0.865,0.00353,6.19,8.25,-3.28,-2.37,-3.72,194,179,208,64,"11",28,NA,NA,15,4
"Tre Harris","WR","LAC",7,7.13,1.07,0.0676,5.92,8.74,-3.28,-2.64,-3.23,195,186,195,65,"11",24,NA,NA,32,1
"Keaton Mitchell","RB","LAC",7,4.97,1.03,0.239,3.91,6.26,-3.31,-2.29,-4.06,196,178,218,54,"17",24,NA,NA,40,3
"Kirk Cousins","QB","LVR",13,17.3,1.85,0.0689,15.3,19.2,-3.35,-3.08,-3.71,197,205,207,22,"5",38,NA,NA,61,14
"Caleb Douglas","WR","MIA",6,7.07,1.82,0.0173,4.48,9.4,-3.35,-4.08,-2.57,198,228,177,66,"11",23,NA,NA,83,0
"Cooper Kupp","WR","SEA",11,7.05,1.33,0.314,5.04,8.44,-3.37,-3.52,-3.53,199,210,201,67,"11",33,NA,NA,53,9
"Noah Fant","TE","NO",8,6.36,1.98,0.0532,3.93,8.63,-3.38,-4.03,-2.53,200,223,175,29,"9",28,NA,NA,95,7
"Deshaun Watson","QB","CLE",11,17.2,1.74,0.0581,15.8,20.1,-3.42,-2.56,-2.87,201,185,186,23,"5",31,NA,NA,58,9
"Gunnar Helm","TE","TEN",9,6.3,0.385,0.387,5.82,6.75,-3.44,-2.14,-4.41,202,174,226,30,"9",24,NA,NA,4,1
"Jalon Daniels","QB","TB",10,17.1,2.18,0.209,15.4,20.2,-3.47,-2.99,-2.76,203,203,184,24,"5",23,NA,NA,76,0
"Samaje Perine","RB","CIN",6,4.73,0.816,0.0111,3.68,5.61,-3.55,-2.51,-4.71,204,183,235,55,"17",31,NA,NA,25,9
"Kaleb Johnson","RB","GB",11,4.72,1.5,0.0296,2.28,5.72,-3.56,-3.92,-4.59,205,219,229,56,"17",23,NA,NA,56,1
"Ty Johnson","RB","BUF",7,4.69,0.926,0.052,3.29,5.68,-3.59,-2.91,-4.63,206,201,232,57,"17",29,NA,NA,34,7
"Kaelon Black","RB","SF",8,4.64,0.793,0.113,3.69,5.53,-3.65,-2.5,-4.79,207,182,237,58,"17",24,NA,NA,22,0
"Michael Penix Jr.","QB","ATL",11,16.9,1.75,0.134,15.7,19.1,-3.68,-2.66,-3.8,209,188,210,25,"5",26,NA,NA,60,2
"Roman Wilson","WR","PIT",9,6.73,0.954,0.291,5.59,8.03,-3.68,-2.97,-3.94,208,202,213,68,"11",25,NA,NA,18,2
"Mike Washington Jr.","RB","LVR",13,4.53,2.35,0.0533,2.17,8.14,-3.76,-4.03,-2.17,210,222,161,59,"17",23,NA,NA,89,0
"Emmett Johnson","RB","KC",5,4.47,0.441,0.102,3.81,4.9,-3.81,-2.39,-5.42,211,180,252,60,"17",22,NA,NA,12,0
"Geno Smith","QB","NYJ",13,16.8,0.499,0.148,16.3,17.5,-3.82,-2.09,-5.39,212,169,251,26,"6",35,NA,NA,19,13
"Chigoziem Okonkwo","TE","WAS",7,5.92,1.61,0.352,3.36,7.47,-3.82,-4.6,-3.7,213,245,206,31,"9",27,NA,NA,83,4
"Raheim Sanders","RB","CLE",11,4.37,1.66,0.383,2.07,5.68,-3.91,-4.13,-4.64,214,235,233,61,"17",24,NA,NA,66,1
"Jameis Winston","QB","NYG",8,16.6,2.16,0.59,14.8,19.8,-3.97,-3.56,-3.11,215,211,190,27,"6",32,NA,NA,75,11
"Kayshon Boutte","WR","HOU",8,6.44,1.58,0.161,4.39,8.24,-3.97,-4.18,-3.72,216,236,209,69,"11",24,NA,NA,68,3
"Jauan Jennings","WR","MIN",6,6.28,1.61,0.0902,4.35,7.9,-4.13,-4.21,-4.07,217,239,219,70,"11",29,NA,NA,70,6
"Tyler Higbee","TE","LAR",11,5.56,1.05,0.0122,4.19,6.8,-4.17,-3.76,-4.37,218,215,223,32,"9",33,NA,NA,49,10
"Evan Engram","TE","DEN",10,5.55,0.436,0.165,5.14,6.19,-4.19,-2.82,-4.98,219,197,241,33,"10",32,NA,NA,5,9
"Jalen Nailor","WR","LVR",13,6.19,1.66,0.291,3.93,8.29,-4.22,-4.64,-3.68,220,248,205,71,"12",27,NA,NA,74,4
"Sione Vaki","RB","DET",6,3.99,1.74,0.359,2.12,6.69,-4.3,-4.08,-3.63,221,227,203,62,"18",25,NA,NA,74,2
"Michael Mayer","TE","LVR",13,5.39,0.821,0.122,4.35,6.54,-4.35,-3.61,-4.63,222,213,231,34,"10",25,NA,NA,34,3
"Colby Parkinson","TE","LAR",11,5.26,0.904,0.831,3.77,6.06,-4.47,-4.19,-5.11,223,237,245,35,"10",27,NA,NA,40,6
"Ted Hurst","WR","TB",10,5.9,0.53,0.0349,5.09,6.38,-4.52,-3.47,-5.59,224,209,255,72,"12",22,NA,NA,5,0
"Darnell Mooney","WR","NYG",8,5.87,0.967,0.0271,5.21,7.39,-4.55,-3.36,-4.58,225,206,228,73,"12",28,NA,NA,22,6
"Aaron Rodgers","QB","PIT",9,16.1,2.74,0.038,13.7,20.3,-4.56,-4.68,-2.61,226,250,182,28,"6",42,NA,NA,91,21
"Antonio Williams","WR","WAS",7,5.84,1.08,0.031,4.68,7.48,-4.58,-3.88,-4.48,227,218,227,74,"12",22,NA,NA,33,0
"Cam Ward","QB","TEN",9,16,2.57,0.36,14.2,20.3,-4.59,-4.13,-2.6,228,233,180,29,"6",24,NA,NA,88,1
"Elic Ayomanor","WR","TEN",9,5.81,1.21,0.0252,4.21,7.17,-4.61,-4.35,-4.8,230,241,239,75,"12",23,NA,NA,45,1
"Malachi Fields","WR","NYG",8,5.78,1.17,0.0708,4.01,6.89,-4.63,-4.55,-5.08,231,244,244,76,"12",23,NA,NA,44,0
"AJ Dillon","RB","CAR",5,3.63,0.346,0.154,3.31,4.09,-4.65,-2.89,-6.23,232,199,273,63,"18",28,NA,NA,6,6
"Makai Lemon","WR","PHI",10,5.71,1.47,0.0145,3.3,6.7,-4.7,-5.27,-5.26,233,266,246,77,"12",22,NA,NA,57,0
"Pat Bryant","WR","DEN",10,5.7,0.992,0.0168,4.53,6.61,-4.72,-4.03,-5.35,234,224,249,78,"12",23,NA,NA,24,1
"Keon Coleman","WR","BUF",7,5.68,0.752,0.126,4.72,6.63,-4.74,-3.85,-5.34,235,217,248,79,"12",23,NA,NA,11,2
"CJ Donaldson","RB","NO",8,3.47,1.98,0.0341,1.19,5.03,-4.81,-5.01,-5.28,236,259,247,64,"18",22,NA,NA,81,0
"Chris Brooks","RB","GB",11,3.44,1.12,0.281,2.07,4.74,-4.84,-4.13,-5.58,237,234,254,65,"18",26,NA,NA,41,3
"Kendrick Bourne","WR","ARI",14,5.55,1.04,0.00991,4.44,7.06,-4.86,-4.12,-4.91,238,230,240,80,"12",31,NA,NA,31,9
"Chris Bell","WR","MIA",6,5.54,1.9,0.0801,2.96,7.36,-4.87,-5.61,-4.61,239,281,230,81,"12",22,NA,NA,84,0
"Caleb Williams","QB","CHI",10,15.7,5,0.0962,11.4,20.6,-4.95,-6.93,-2.36,241,363,169,30,"6",24,NA,NA,96,2
"Jerry Jeudy","WR","CLE",11,5.46,0.857,0.194,4.37,6.59,-4.95,-4.2,-5.38,240,238,250,82,"12",27,NA,NA,13,6
"Malik Willis","QB","MIA",6,15.6,2.29,0.237,12.4,18.2,-5.05,-5.94,-4.7,242,305,234,31,"6",27,NA,NA,82,4
"Kyle Juszczyk","RB","SF",8,3.16,0.373,0.135,2.81,3.64,-5.12,-3.39,-6.67,243,208,286,66,"18",35,NA,NA,8,13
"Tyquan Thornton","WR","KC",5,5.27,0.72,0.0815,4.43,6.28,-5.15,-4.13,-5.69,244,232,259,83,"12",26,NA,NA,10,4
"Xavier Legette","WR","CAR",5,5.19,0.286,0.0533,4.82,5.58,-5.23,-3.74,-6.39,245,214,276,84,"12",25,NA,NA,1,2
"Tank Bigsby","RB","PHI",10,3.02,1.17,0.114,1.68,4.25,-5.26,-4.52,-6.06,246,242,267,67,"19",24,NA,NA,45,3
"Isaac TeSlaa","WR","DET",6,5.14,0.553,0.0601,4.62,5.99,-5.28,-3.95,-5.98,247,220,265,85,"12",24,NA,NA,7,1
"Case Keenum","QB","CHI",10,15.3,9.66,3.59,1.02,20.6,-5.29,-17.3,-2.34,248,433,168,32,"7",38,NA,NA,99,14
"Darnell Washington","TE","PIT",9,4.43,0.458,0.0879,3.84,4.98,-5.31,-4.12,-6.19,249,231,271,36,"11",25,NA,NA,7,3
"Isaiah Williams","WR","NYJ",13,5.08,0.627,0.156,4.52,5.95,-5.34,-4.04,-6.02,250,225,266,86,"12",25,NA,NA,8,2
"Demond Claiborne","RB","MIN",6,2.91,1.14,0.0377,1.57,4.51,-5.37,-4.63,-5.81,251,247,262,68,"19",22,NA,NA,42,0
"Mason Taylor","TE","NYJ",13,4.35,0.764,0.0173,3.63,5.58,-5.39,-4.33,-5.59,252,240,256,37,"11",22,NA,NA,29,1
"Tyrone Tracy","RB","NYG",8,2.87,2.51,0.0724,0.558,6.05,-5.41,-5.64,-4.26,254,286,222,69,"19",26,NA,NA,92,2
"Theo Johnson","TE","NYG",8,4.33,1.94,0.00753,2.47,7.23,-5.41,-5.49,-3.94,253,278,214,38,"11",25,NA,NA,93,2
"Terrance Ferguson","TE","LAR",11,4.32,2.95,0.0646,0.241,7.51,-5.42,-7.72,-3.66,255,387,204,39,"11",23,NA,NA,99,1
"Kimani Vidal","RB","LAC",7,2.8,0.986,0.153,2.1,4.13,-5.48,-4.1,-6.19,257,229,270,70,"19",25,NA,NA,36,2
"Zach Ertz","TE","PHI",10,4.26,0.357,0.00358,3.91,4.64,-5.48,-4.05,-6.53,256,226,283,40,"11",35,NA,NA,2,13
"Jonnu Smith","TE","GB",11,4.25,0.703,0.0519,3.35,5.07,-5.49,-4.61,-6.09,258,246,268,41,"11",31,NA,NA,24,9
"Laquon Treadwell","WR","IND",13,4.92,2.41,0.0897,1.53,8,-5.5,-7.03,-3.97,259,367,216,87,"12",31,NA,NA,95,10
"Tommy Tremble","TE","CAR",5,4.2,1.55,0.116,3.21,6.79,-5.54,-4.75,-4.38,260,251,225,42,"11",26,NA,NA,82,5
"Jaylin Noel","WR","HOU",8,4.83,1.8,0.197,2.79,7.2,-5.59,-5.77,-4.77,261,293,236,88,"13",24,NA,NA,82,1
NA,"RB",NA,NA,2.65,0.413,0.102,2.35,2.92,-5.64,-3.84,-7.39,262,216,313,71,"19",NA,NA,NA,9,NA
"Dawson Knox","TE","BUF",7,4.09,1.23,0.276,2.36,5.24,-5.65,-5.6,-5.93,263,280,263,43,"11",29,NA,NA,63,7
"Devin Singletary","RB","NYG",8,2.55,2.68,0.175,0.0643,5.94,-5.74,-6.13,-4.37,264,315,224,72,"19",29,NA,NA,95,7
"DeeJay Dallas","RB","MIN",6,2.37,0.822,0.0609,1.18,2.93,-5.91,-5.02,-7.38,268,260,311,73,"19",28,NA,NA,26,6
"Matthew Hibner","TE","BAL",13,3.81,1.03,0.193,2.97,5.22,-5.93,-4.98,-5.95,270,258,264,44,"11",24,NA,NA,48,0
"Austin Ekeler","RB","FA",NA,2.31,NA,0.147,NA,NA,-5.97,NA,NA,271,NA,NA,74,"19",NA,NA,NA,NA,NA
"Seth McGowan","RB","IND",13,2.16,0.757,0.094,1.42,3.26,-6.12,-4.78,-7.06,273,253,300,75,"19",24,NA,NA,20,0
"Austin Hooper","TE","ATL",11,3.62,0.806,0.0505,2.47,4.61,-6.12,-5.48,-6.56,274,276,284,45,"11",31,NA,NA,33,10
"Jeremy Ruckert","TE","NYJ",13,3.57,1.28,0.0808,2.17,4.96,-6.17,-5.79,-6.21,275,294,272,46,"11",26,NA,NA,66,4
"Emari Demercado","RB","DAL",14,2.07,1.01,0.0233,1.06,3.44,-6.21,-5.14,-6.88,277,263,291,76,"19",27,NA,NA,38,3
"Zonovan Knight","RB","ARI",14,2.05,1.57,0.0978,0.75,4.6,-6.24,-5.45,-5.72,279,273,260,77,"19",25,NA,NA,60,4
"Cole Kmet","TE","CHI",10,3.48,0.97,0.0381,2.1,4.65,-6.25,-5.86,-6.52,280,297,281,47,"11",27,NA,NA,44,6
"Foster Moreau","TE","HOU",8,3.45,0.499,0.103,3.03,4.13,-6.29,-4.92,-7.03,281,256,299,48,"12",29,NA,NA,12,7
"Ameer Abdullah","RB","JAC",7,1.95,0.921,0.00363,1.04,3.2,-6.34,-5.16,-7.11,282,264,302,78,"20",33,NA,NA,33,11
"Alec Ingold","RB","LAC",7,1.94,0.869,0.0128,1.29,2.93,-6.34,-4.91,-7.39,283,255,312,79,"20",30,NA,NA,29,7
"Brashard Smith","RB","KC",5,1.93,1.24,0.00343,0.816,3.22,-6.35,-5.38,-7.09,284,272,301,80,"20",23,NA,NA,46,1
"Will Shipley","RB","PHI",10,1.93,0.622,0.00048,1.1,2.57,-6.36,-5.1,-7.74,285,261,324,81,"20",24,NA,NA,14,2
"Ray Davis","RB","BUF",7,1.93,1.58,0.0523,0.83,4.58,-6.36,-5.37,-5.74,286,271,261,82,"20",26,NA,NA,61,2
"Brock Wright","TE","DET",6,3.34,0.661,0.0374,2.69,4.15,-6.39,-5.26,-7.01,288,265,298,49,"12",27,NA,NA,22,5
"LeQuint Allen","RB","JAC",7,1.88,0.33,0.102,1.43,2.31,-6.41,-4.77,-8.01,289,252,329,83,"20",22,NA,NA,5,1
"Noah Gray","TE","KC",5,3.31,0.863,0.14,2.33,4.3,-6.43,-5.63,-6.87,290,284,290,50,"12",27,NA,NA,35,5
"Tyler Badie","RB","DEN",10,1.77,0.259,0.0412,1.55,2.09,-6.51,-4.65,-8.23,291,249,339,84,"20",27,NA,NA,4,4
"Amar Johnson","RB","LAC",7,1.73,0.102,0.0635,1.67,1.81,-6.55,-4.53,-8.5,292,243,348,85,"20",23,NA,NA,1,1
"Eli Raridon","TE","NE",11,3.17,1.48,0.0516,1.36,4.89,-6.57,-6.6,-6.27,294,346,274,51,"12",22,NA,NA,78,0
"Sean Tucker","RB","TB",10,1.67,1.91,0.0416,0.0667,4.83,-6.62,-6.13,-5.49,295,314,253,86,"20",24,NA,NA,79,3
"Tanner Hudson","TE","CIN",6,3.12,NA,0.015,NA,NA,-6.62,NA,NA,296,NA,NA,52,"12",31,NA,NA,NA,8
"Max Bredeson","TE","MIN",6,3.1,NA,0.0616,NA,NA,-6.64,NA,NA,297,NA,NA,53,"12",23,NA,NA,NA,0
"Tyler Goodson","RB","DAL",14,1.63,0.906,0.0167,0.735,2.71,-6.66,-5.46,-7.61,298,275,322,87,"20",25,NA,NA,32,4
"Jarquez Hunter","RB","MIA",6,1.61,NA,0.0305,NA,NA,-6.67,NA,NA,299,NA,NA,88,"20",23,NA,NA,NA,1
"Daniel Bellinger","TE","TEN",9,3.04,0.784,0.131,2.04,3.8,-6.7,-5.92,-7.37,300,304,310,54,"12",26,NA,NA,30,4
"Drew Sample","TE","CIN",6,2.91,0.612,0.1,2.05,3.56,-6.83,-5.91,-7.61,306,302,323,55,"12",30,NA,NA,21,7
"Elijah Higgins","TE","ARI",14,2.81,0.727,0.0394,1.74,3.58,-6.93,-6.22,-7.58,309,325,321,56,"12",25,NA,NA,26,3
"Mo Alie-Cox","TE","IND",13,2.77,1.29,0.00518,2.01,4.28,-6.97,-5.95,-6.89,312,306,292,57,"12",33,NA,NA,67,10
"Mitchell Evans","TE","CAR",5,2.76,0.73,0.0858,2.29,3.83,-6.98,-5.67,-7.34,313,288,307,58,"12",23,NA,NA,27,1
"John FitzPatrick","TE","GB",11,2.68,0.0552,0.0607,2.63,2.71,-7.06,-5.32,-8.46,319,268,346,59,"12",26,NA,NA,1,4
"Sam Roush","TE","CHI",10,2.62,1.37,0.0494,1.44,4.54,-7.12,-6.52,-6.63,323,338,285,60,"12",23,NA,NA,71,0
"Ja'Tavion Sanders","TE","CAR",5,2.57,1.83,0.0152,0.129,4.25,-7.17,-7.83,-6.92,326,390,293,61,"12",23,NA,NA,88,2
"Davis Allen","TE","LAR",11,2.55,1.83,0.0906,0.138,4.43,-7.19,-7.82,-6.74,327,389,288,62,"12",25,NA,NA,89,3
"John Bates","TE","WAS",7,2.46,0.474,0.00903,2.04,3.11,-7.28,-5.92,-8.06,330,303,333,63,"12",28,NA,NA,9,5
"Erick All","TE","CIN",6,2.45,1.3,0.00159,1.27,4.25,-7.29,-6.69,-6.92,331,349,294,64,"12",26,NA,NA,68,2
"Hayden Rucci","TE","LAC",7,2.45,NA,0.00924,NA,NA,-7.29,NA,NA,332,NA,NA,65,"12",25,NA,NA,NA,1
"Adam Trautman","TE","DEN",10,2.44,0.922,0.0488,1.25,3.64,-7.3,-6.71,-7.53,334,351,319,66,"12",29,NA,NA,41,6
"Jake Briningstool","TE","KC",5,2.39,NA,0.005,NA,NA,-7.35,NA,NA,336,NA,NA,67,"12",23,NA,NA,NA,1
"Blake Whiteheart","TE","CLE",11,2.39,0.983,0.0786,1.71,3.81,-7.35,-6.25,-7.36,337,327,309,68,"13",26,NA,NA,46,3
"Nate Boerkircher","TE","JAC",7,2.31,0.456,0.024,1.87,2.92,-7.43,-6.09,-8.25,340,312,340,69,"13",25,NA,NA,6,0
"Luke Schoonmaker","TE","DAL",14,2.28,0.12,0.0292,2.2,2.37,-7.45,-5.76,-8.8,343,292,362,70,"13",28,NA,NA,1,3
"Nate Adkins","TE","DEN",10,2.26,1.06,0.00191,1.18,3.66,-7.48,-6.77,-7.51,346,356,317,71,"13",27,NA,NA,51,3
"Charlie Kolar","TE","LAC",7,2.25,1.41,0.0371,0.149,3.66,-7.49,-7.81,-7.51,348,388,316,72,"13",27,NA,NA,73,4
"Andrew Ogletree","TE","IND",13,2.22,0.699,0.00675,1.49,2.79,-7.52,-6.47,-8.38,352,335,343,73,"13",28,NA,NA,23,4
"Jackson Hawes","TE","BUF",7,2.21,0.551,0.0483,1.79,2.97,-7.53,-6.16,-8.2,353,316,338,74,"13",25,NA,NA,16,1
"Brevyn Spann-Ford","TE","DAL",14,2.16,0.483,0.0769,1.83,2.49,-7.58,-6.13,-8.68,356,313,357,75,"13",26,NA,NA,10,2
"Eric Saubert","TE","SEA",11,2.08,0.593,0.0516,1.67,2.49,-7.65,-6.28,-8.68,362,330,358,76,"13",32,NA,NA,20,9
"Josh Cuevas","TE","BAL",13,2.03,0.516,0.0251,1.68,2.64,-7.71,-6.28,-8.53,366,329,349,77,"13",24,NA,NA,13,0
"Durham Smythe","TE","BAL",13,2.01,0.868,0.00845,1.24,3.13,-7.73,-6.72,-8.04,367,352,332,78,"13",31,NA,NA,37,8
"Hunter Long","TE","ARI",14,2,0.901,0.0331,0.957,3.13,-7.74,-7,-8.04,368,365,331,79,"13",28,NA,NA,39,5
"Cameron Latu","TE","NE",11,1.97,NA,0.028,NA,NA,-7.77,NA,NA,370,NA,NA,80,"13",26,NA,NA,NA,3
"Johnny Mundt","TE","PHI",10,1.94,1.06,0.0116,0.931,3.07,-7.8,-7.03,-8.1,371,366,335,81,"13",31,NA,NA,50,9
"Luke Farrell","TE","SF",8,1.93,0.576,9.48e-05,1.37,2.31,-7.81,-6.59,-8.86,373,345,366,82,"13",28,NA,NA,17,5
"Will Kacmarek","TE","MIA",6,1.93,0.539,0.00122,1.5,2.55,-7.81,-6.45,-8.61,374,334,355,83,"13",23,NA,NA,15,0
"Elijah Arroyo","TE","SEA",11,1.93,0.801,0.0753,1.15,2.88,-7.81,-6.81,-8.29,375,358,341,84,"13",23,NA,NA,32,1
"Connor Heyward","TE","LVR",13,1.85,1.2,0.0663,0.12,2.77,-7.89,-7.84,-8.39,379,391,344,85,"13",27,NA,NA,61,4
"Cade Stover","TE","HOU",8,1.78,0.927,0.0535,0.493,2.45,-7.96,-7.47,-8.72,383,379,360,86,"13",26,NA,NA,43,2
"Ben Sinnott","TE","WAS",7,1.73,0.487,0.0169,1.12,2.28,-8.01,-6.84,-8.89,384,360,368,87,"13",24,NA,NA,11,2
"Riley Nowakowski","TE","PIT",9,1.71,2.4,0.047,0.0471,3.36,-8.03,-7.91,-7.81,385,394,326,88,"13",24,NA,NA,99,0
"Jayden Daniels","QB","WAS",7,11.7,7,1.15,1.69,19.1,-8.88,-16.7,-3.82,426,432,211,33,"7",25,NA,NA,97,2
"Marcus Mariota","QB","WAS",7,10.6,9.45,6.68,0.231,20,-10,-18.1,-2.9,455,452,187,34,"8",32,NA,NA,99,11
"Athan Kaliakmanis","QB","WAS",7,3.9,NA,0.999,NA,NA,-16.7,NA,NA,462,NA,NA,35,"8",23,NA,NA,NA,0
"Spencer Rattler","QB","NO",8,2.9,4.01,0.814,0.256,7.35,-17.7,-18.1,-15.6,463,449,435,36,"9",26,NA,NA,94,2
"Tyson Bagent","QB","CHI",10,2.09,2.04,0.0353,0.097,3.78,-18.5,-18.3,-19.2,464,454,442,37,"9",26,NA,NA,72,3
"Shedeur Sanders","QB","CLE",11,2.05,2.23,0.0113,0.296,4.45,-18.6,-18.1,-18.5,465,444,437,38,"9",24,NA,NA,81,1
"Riley Leonard","QB","IND",13,2.04,2.86,0.298,0.0561,4,-18.6,-18.3,-18.9,466,457,439,39,"9",24,NA,NA,93,1
"Drew Lock","QB","SEA",11,1.74,2.21,0.114,0.0359,4.15,-18.9,-18.3,-18.8,467,458,438,40,"9",29,NA,NA,79,7
"Davis Mills","QB","HOU",8,1.63,1.97,0.0544,0.332,4.5,-19,-18,-18.4,468,437,436,41,"9",27,NA,NA,67,5
"Tyrod Taylor","QB","GB",11,1.57,1.65,0.0162,0.31,3.37,-19,-18,-19.6,469,440,443,42,"9",37,NA,NA,55,15
"Tua Tagovailoa","QB","ATL",11,1.56,1.65,0.0111,0.32,3.86,-19.1,-18,-19.1,470,438,441,43,"9",28,NA,NA,54,6
"J.J. McCarthy","QB","MIN",6,1.55,1.53,0.188,0.0186,3.96,-19.1,-18.3,-19,471,459,440,44,"9",23,NA,NA,49,2
"Joe Flacco","QB","CIN",6,1.36,1.29,0.135,0.349,3.14,-19.2,-18,-19.8,472,435,444,45,"9",41,NA,NA,45,18
"Justin Fields","QB","KC",5,1.22,1.06,0.0989,0.313,2.67,-19.4,-18,-20.3,473,439,445,46,"10",27,NA,NA,40,5
"Kenny Pickett","QB","CAR",5,1.13,0.909,0.0778,0.304,2.07,-19.5,-18.1,-20.9,474,442,446,47,"10",28,NA,NA,36,4
"Ty Simpson","QB","LAR",11,1.05,0.832,0.0268,0.057,2.05,-19.6,-18.3,-20.9,475,456,447,48,"10",23,NA,NA,33,0
"Carson Wentz","QB","MIN",6,1.02,0.694,0.0476,0.375,1.72,-19.6,-18,-21.2,476,434,448,49,"10",33,NA,NA,28,10
"Mason Rudolph","QB","PIT",9,0.973,0.731,0.031,0.303,1.72,-19.6,-18.1,-21.2,477,443,449,50,"10",31,NA,NA,30,8
"Tyler Huntley","QB","BAL",13,0.942,0.652,0.02,0.266,1.53,-19.7,-18.1,-21.4,478,447,453,51,"10",28,NA,NA,24,6
"Cade Klubnik","QB","NYJ",13,0.922,1.04,0.0837,0.203,1.63,-19.7,-18.2,-21.3,479,453,450,52,"10",22,NA,NA,39,0
"Mac Jones","QB","SF",8,0.838,0.672,0.0738,-0.00613,1.57,-19.8,-18.4,-21.4,480,466,451,53,"10",28,NA,NA,27,5
"Fernando Mendoza","QB","LVR",13,0.764,0.668,0.0732,-0.0114,1.56,-19.8,-18.4,-21.4,481,467,452,54,"10",22,NA,NA,25,0
"Tommy DeVito","QB","NE",11,0.691,0.583,0.0178,0.287,1.09,-19.9,-18.1,-21.8,482,446,455,55,"10",28,NA,NA,22,3
"Quinn Ewers","QB","JAC",7,0.673,0.338,0.0276,0.348,1,-19.9,-18,-21.9,483,436,458,56,"10",23,NA,NA,6,1
"Andy Dalton","QB","PHI",10,0.646,0.354,0.0115,0.251,0.896,-20,-18.1,-22,484,450,462,57,"10",38,NA,NA,9,15
"Sam Howell","QB","DAL",14,0.634,0.354,0.00445,0.244,0.9,-20,-18.1,-22,485,451,461,58,"10",26,NA,NA,7,4
"Trey Lance","QB","LAC",7,0.63,0.884,0.00849,0.0173,1.23,-20,-18.3,-21.7,486,460,454,59,"10",26,NA,NA,34,5
"Gardner Minshew","QB","ARI",14,0.621,0.327,0.0142,0.294,1.01,-20,-18.1,-21.9,487,445,457,60,"10",30,NA,NA,4,7
"Anthony Richardson","QB","IND",13,0.607,0.364,0.000249,0.258,1.04,-20,-18.1,-21.9,488,448,456,61,"10",24,NA,NA,10,3
"Jarrett Stidham","QB","DEN",10,0.607,0.421,0.155,0.308,0.888,-20,-18,-22,489,441,463,62,"10",30,NA,NA,13,7
"Joshua Dobbs","QB","DET",6,0.452,0.497,0.0641,0.0583,0.975,-20.2,-18.3,-22,490,455,459,63,"10",31,NA,NA,18,9
"Stetson Bennett","QB","LAR",11,0.388,0.493,0.106,0.00758,0.91,-20.2,-18.3,-22,491,462,460,64,"10",28,NA,NA,16,3
"Kyle Allen","QB","BUF",7,0.282,NA,0.00157,NA,NA,-20.3,NA,NA,492,NA,NA,65,"10",30,NA,NA,NA,8
"Mitchell Trubisky","QB","TEN",9,0.28,0.463,0.00331,0.00166,0.779,-20.3,-18.4,-22.2,493,463,464,66,"10",32,NA,NA,15,9
"Cooper Rush","QB","ATL",11,0.277,0.389,0.0491,0.00762,0.543,-20.3,-18.3,-22.4,494,461,465,67,"10",32,NA,NA,12,9
"Kyle McCord","QB","MIA",6,0.228,NA,0.128,NA,NA,-20.4,NA,NA,495,NA,NA,68,"10",24,NA,NA,NA,1
"Jake Haener","QB","NYG",8,0.1,NA,0.0496,NA,NA,-20.5,NA,NA,496,NA,NA,69,"10",27,NA,NA,NA,3
"Aidan O'Connell","QB","LVR",13,0.0504,0.0707,0.0202,0.00139,0.0987,-20.6,-18.4,-22.8,497,464,466,70,"10",28,NA,NA,1,3
"Jalen Milroe","QB","SEA",11,0.0504,0.0707,0,0.00139,0.0987,-20.6,-18.4,-22.8,497,464,466,70,"10",23,NA,NA,1,1
"Tanner McKee","QB","PHI",10,0.0302,0.0424,0,0.000831,0.0592,-20.6,-18.4,-22.9,498,465,467,71,"10",26,NA,NA,1,3
