id,name,pos,team,mean,sd,p_play,p05,p50,p95,ffa,ecr_implied,db_rank,db_proj
00-0039139,Jahmyr Gibbs,RB,DET,25.1,9.826,0.99,9.66,24.18,42.49,25.1,25.1,1,27.03
00-0039150,Bryce Young,QB,CAR,21.45,7.865,0.824,0.0,19.2,34.02,21.7,21.2,2,25.79
00-0034857,Josh Allen,QB,BUF,26.4,8.849,0.99,11.59,26.11,41.31,26.4,26.4,3,25.68
00-0037834,Brock Purdy,QB,SF,22.35,8.041,0.99,8.88,22.14,35.96,22.6,22.1,4,24.89
00-0032764,Derrick Henry,RB,BAL,18.7,8.697,0.99,4.78,17.73,34.24,18.7,18.7,5,23.0
00-0036971,Trevor Lawrence,QB,JAX,22.65,8.192,0.99,8.91,22.44,36.51,22.5,22.8,6,22.12
00-0033280,Christian McCaffrey,RB,SF,19.6,8.456,0.915,0.0,17.84,34.26,19.6,19.6,7,21.68
00-0033077,Dak Prescott,QB,DAL,21.6,7.765,0.99,8.58,21.4,34.74,21.6,21.6,8,21.59
00-0034796,Lamar Jackson,QB,BAL,24.4,8.202,0.781,0.0,21.42,37.2,24.4,24.4,9,21.11
00-0033873,Patrick Mahomes,QB,KC,22.75,8.154,0.824,0.0,20.44,35.75,22.8,22.7,10,21.1
00-0036442,Joe Burrow,QB,CIN,22.15,7.595,0.466,0.0,0.0,31.72,21.7,22.6,11,20.95
00-0036389,Jalen Hurts,QB,PHI,20.5,8.265,0.99,6.33,20.19,34.56,19.3,21.7,12,20.92
00-0039851,Drake Maye,QB,NE,20.3,8.018,0.801,0.0,17.5,33.0,20.2,20.4,13,20.85
00-0035710,Daniel Jones,QB,IND,19.4,7.896,0.99,5.87,19.09,32.85,20.2,18.6,14,20.31
00-0038542,Bijan Robinson,RB,ATL,21.9,9.423,0.99,6.67,20.91,38.71,21.9,21.9,15,20.26
00-0029604,Kirk Cousins,QB,LV,17.2,7.453,0.99,4.53,16.81,29.96,17.3,17.1,16,20.18
00-0039163,C.J. Stroud,QB,HOU,21.15,7.781,0.99,8.03,20.94,34.32,22.1,20.2,17,20.06
00-0034869,Sam Darnold,QB,SEA,4.5,6.783,0.795,0.0,1.91,12.25,20.1,17.3,18,19.91
00-0035228,Kyler Murray,QB,MIN,20.7,8.246,0.0,0.0,0.0,0.0,20.8,20.6,19,19.45
00-0036963,Amon-Ra St. Brown,WR,DET,20.0,9.6,0.99,4.79,18.97,37.14,20.0,20.0,20,19.37
00-0036223,Jonathan Taylor,RB,IND,19.9,8.818,0.973,4.18,18.75,35.56,21.5,18.3,21,19.23
00-0040743,Tyler Shough,QB,NO,22.6,8.048,0.99,9.13,22.38,36.21,22.7,22.5,22,18.95
00-0036900,Ja'Marr Chase,WR,CIN,20.6,9.728,0.748,0.0,15.82,36.23,20.6,20.6,23,18.92
00-0032268,Marcus Mariota,QB,WAS,4.5,7.203,0.824,0.0,2.07,12.28,10.6,19.5,24,18.61
00-0033106,Jared Goff,QB,DET,21.45,7.537,0.99,8.84,21.24,34.16,21.2,21.7,25,18.18
00-0026498,Matthew Stafford,QB,LA,20.3,7.493,0.99,7.68,20.1,32.99,20.4,20.2,26,18.06
00-0036264,Jordan Love,QB,GB,20.15,7.633,0.99,7.18,19.93,33.09,19.5,20.8,27,18.0
00-0031503,Jameis Winston,QB,NYG,16.7,7.877,0.99,3.59,16.14,30.26,16.6,16.8,28,17.73
00-0033119,Jacoby Brissett,QB,ARI,19.95,7.734,0.795,0.0,17.19,32.18,20.6,19.3,29,17.64
00-0023459,Aaron Rodgers,QB,PIT,16.1,7.451,0.99,3.64,15.6,28.89,16.1,16.1,30,17.54
00-0038128,Malik Willis,QB,MIA,15.65,8.513,0.824,0.0,12.56,29.49,15.6,15.7,31,17.52
00-0028986,Case Keenum,QB,CHI,15.65,8.062,0.99,2.56,14.91,29.6,15.3,16.0,32,17.38
00-0040122,Ashton Jeanty,RB,LV,16.95,8.395,0.889,0.0,14.89,31.42,16.9,17.0,33,17.37
00-0039075,Puka Nacua,WR,LA,14.1,8.048,0.891,0.0,11.88,28.1,17.0,11.2,34,17.27
00-0038134,Kenneth Walker III,RB,KC,19.9,8.588,0.99,6.01,18.99,35.2,18.3,21.5,35,17.23
00-0037744,Trey McBride,TE,ARI,17.05,8.845,0.984,2.96,15.96,32.94,18.4,15.7,36,17.04
00-0039732,Bo Nix,QB,DEN,19.35,7.977,0.99,5.69,19.01,32.94,18.6,20.1,37,16.98
00-0036355,Justin Herbert,QB,LAC,17.25,7.883,0.99,4.01,16.74,30.78,17.3,17.2,38,16.91
00-0036322,Justin Jefferson,WR,MIN,12.72,7.652,0.748,0.0,8.36,25.09,16.7,8.74,39,16.71
00-0038543,Jaxon Smith-Njigba,WR,SEA,23.7,10.45,0.99,6.72,22.7,42.24,23.7,23.7,40,16.61
00-0041251,Jalon Daniels,QB,TB,16.35,7.773,0.99,3.44,15.78,29.73,17.1,15.6,41,16.61
00-0033537,Deshaun Watson,QB,CLE,16.9,7.866,0.99,3.76,16.36,30.42,17.2,16.6,42,16.22
00-0037238,Drake London,WR,ATL,16.5,8.732,0.99,3.09,15.45,32.26,16.0,17.0,43,15.97
00-0030565,Geno Smith,QB,NYJ,17.05,7.52,0.99,4.32,16.62,29.91,16.8,17.3,44,15.79
00-0036554,Nico Collins,WR,HOU,14.85,8.228,0.891,0.0,12.67,29.16,16.4,13.3,45,15.76
00-0037248,James Cook III,RB,BUF,16.95,8.281,0.99,3.86,16.0,31.76,17.0,16.9,46,15.58
00-0039917,Michael Penix Jr.,QB,ATL,16.9,7.57,0.824,0.0,14.46,29.08,16.9,16.9,47,15.28
00-0039361,Bucky Irving,RB,TB,14.6,7.475,0.855,0.0,12.38,27.27,15.6,13.6,48,15.14
00-0036555,Chuba Hubbard,RB,CAR,15.7,7.966,0.915,0.0,14.02,29.55,16.0,15.4,49,14.64
00-0040676,Cam Ward,QB,TEN,15.65,7.748,0.99,2.92,15.01,29.03,16.0,15.3,50,14.61
00-0040715,Cam Skattebo,RB,NYG,14.8,7.558,0.99,2.99,13.92,28.35,15.6,14.0,51,14.61
00-0038606,Parker Washington,WR,JAX,15.85,8.493,0.99,2.85,14.81,31.19,15.7,16.0,52,14.31
00-0039338,Brock Bowers,TE,LV,17.05,8.845,0.408,0.0,0.0,27.44,15.7,18.4,53,14.25
00-0041027,Jeremiyah Love,RB,ARI,15.45,7.818,0.608,0.0,8.06,26.8,14.8,16.1,54,14.2
00-0033293,Aaron Jones Sr.,RB,MIN,15.35,7.463,0.973,2.47,14.35,28.64,15.4,15.3,55,14.01
00-0039064,Zay Flowers,WR,BAL,16.8,8.759,0.891,0.0,14.62,31.98,17.0,16.6,56,14.0
00-0040128,Tyler Warren,TE,IND,12.2,7.269,0.99,1.29,11.11,25.37,12.5,11.9,57,13.93
00-0037740,Garrett Wilson,WR,NYJ,16.1,8.606,0.99,2.92,15.05,31.65,15.2,17.0,58,13.92
00-0037239,Chris Olave,WR,NO,20.0,9.567,0.641,0.0,12.3,34.34,20.0,20.0,59,13.91
00-0035685,David Montgomery,RB,HOU,12.4,7.46,0.99,1.16,11.29,25.85,13.6,11.2,60,13.87
00-0036912,DeVonta Smith,WR,PHI,15.3,8.379,0.711,0.0,10.05,28.52,14.2,16.4,61,13.69
00-0031381,Davante Adams,WR,LA,15.35,8.426,0.937,0.0,13.71,30.29,15.2,15.5,62,13.48
00-0038597,Chase Brown,RB,CIN,15.85,7.925,0.99,3.39,14.93,30.04,16.1,15.6,63,13.47
00-0036997,Javonte Williams,RB,DAL,13.9,7.39,0.99,2.46,13.01,27.16,14.0,13.8,64,13.44
00-0037228,Jaylen Warren,RB,PIT,15.1,7.695,0.57,0.0,6.29,25.9,14.2,16.0,65,13.34
00-0036275,D'Andre Swift,RB,CHI,14.75,7.845,0.889,0.0,12.78,28.26,15.3,14.2,66,13.32
00-0036410,Tee Higgins,WR,CIN,15.2,8.32,0.917,0.0,13.36,29.83,15.2,15.2,67,13.14
00-0031588,Stefon Diggs,WR,WAS,11.7,7.303,0.99,0.92,10.44,25.05,11.9,11.5,68,13.1
00-0033288,George Kittle,TE,SF,13.4,7.68,0.922,0.0,11.65,26.89,13.4,13.4,69,13.09
00-0037247,George Pickens,WR,DAL,14.6,8.174,0.99,2.22,13.53,29.4,14.0,15.2,70,12.85
00-0039067,Rashee Rice,WR,KC,14.0,7.987,0.917,0.0,12.12,28.05,13.8,14.2,71,12.83
00-0038559,Michael Wilson,WR,ARI,12.7,7.622,0.99,1.32,11.51,26.54,12.8,12.6,72,12.73
00-0035659,Terry McLaurin,WR,WAS,12.25,7.469,0.99,1.13,11.03,25.85,12.6,11.9,73,12.58
00-0036358,CeeDee Lamb,WR,DAL,16.65,8.766,0.99,3.17,15.6,32.46,16.6,16.7,74,12.56
00-0038124,Christian Watson,WR,GB,15.6,8.459,0.99,2.7,14.54,30.86,15.5,15.7,75,12.55
00-0040129,Emeka Egbuka,WR,TB,11.0,7.058,0.917,0.0,8.98,23.52,11.5,10.5,76,12.54
00-0039794,Braelon Allen,RB,NYJ,11.7,6.742,0.99,1.44,10.8,23.85,11.2,12.2,77,12.49
00-0040719,Bhayshul Tuten,RB,JAX,12.9,7.134,0.99,1.96,12.01,25.76,12.2,13.6,78,12.43
00-0035719,Deebo Samuel Sr.,WR,SF,11.35,7.187,0.99,0.79,10.06,24.48,10.5,12.2,79,12.38
00-0038997,Josh Downs,WR,IND,13.55,7.841,0.99,1.76,12.44,27.78,13.3,13.8,80,12.17
00-0031408,Mike Evans,WR,SF,9.07,6.412,0.718,0.0,4.71,19.35,11.1,7.05,81,12.08
00-0030506,Travis Kelce,TE,KC,11.65,7.075,0.99,1.07,10.53,24.49,11.9,11.4,82,11.91
00-0040784,Quinshon Judkins,RB,CLE,10.8,6.479,0.887,0.0,8.89,21.97,11.0,10.6,83,11.84
00-0037838,Isaiah Likely,TE,NYG,10.37,6.608,0.99,0.66,9.18,22.4,10.8,9.94,84,11.6
00-0037840,Kyren Williams,RB,LA,14.6,7.351,0.99,3.08,13.75,27.78,13.6,15.6,85,11.45
00-0040735,Luther Burden III,WR,CHI,11.65,7.287,0.99,0.9,10.39,24.98,11.4,11.9,86,11.41
00-0034827,DJ Moore,WR,BUF,12.35,7.525,0.894,0.0,10.1,25.51,12.2,12.5,87,11.29
00-0034844,Saquon Barkley,RB,PHI,14.3,7.554,0.873,0.0,12.23,27.21,13.8,14.8,88,11.22
00-0040666,Omarion Hampton,RB,LAC,10.8,6.649,0.99,0.84,9.75,22.82,10.6,11.0,89,11.2
00-0041194,Jack Strand,QB,ATL,4.5,8.524,0.99,0.0,2.9,13.11,,,90,11.2
00-0039337,Malik Nabers,WR,NYG,12.65,7.664,0.905,0.0,10.51,26.12,12.5,12.8,91,11.14
00-0035261,Tony Pollard,RB,TEN,9.91,6.381,0.681,0.0,5.13,19.74,10.5,9.32,92,11.13
00-0041438,Carnell Tate,WR,TEN,10.45,6.888,0.99,0.51,9.08,23.1,10.8,10.1,93,11.08
00-0040663,Harold Fannin Jr.,TE,CLE,10.8,6.767,0.99,0.79,9.64,23.11,10.8,10.8,94,11.05
00-0040124,Tetairoa McMillan,WR,CAR,14.6,8.168,0.99,2.23,13.52,29.39,14.0,15.2,95,11.02
00-0038933,Dalton Kincaid,TE,BUF,11.95,7.181,0.99,1.19,10.85,25.0,11.4,12.5,96,10.81
00-0040198,Ollie Gordon II,RB,MIA,7.57,6.096,0.99,0.0,5.75,19.1,6.92,8.22,97,10.81
00-0036875,Rhamondre Stevenson,RB,NE,10.2,6.981,0.99,0.25,8.73,22.97,10.2,10.2,98,10.74
00-0035640,DK Metcalf,WR,PIT,10.6,6.928,0.99,0.56,9.26,23.31,10.1,11.1,99,10.71
00-0036613,Jaylen Waddle,WR,DEN,13.1,7.757,0.917,0.0,11.16,26.79,12.2,14.0,100,10.68
00-0039491,Jalen Coker,WR,CAR,10.38,6.906,0.711,0.0,5.67,21.36,11.9,8.85,101,11.3
00-0040667,Matthew Golden,WR,GB,12.55,7.589,0.99,1.23,11.35,26.37,11.1,14.0,102,10.7
00-0039915,Ladd McConkey,WR,LAC,11.7,7.297,0.908,0.0,9.6,24.58,11.2,12.2,103,10.6
00-0038117,Wan'Dale Robinson,WR,TEN,9.72,6.657,0.99,0.3,8.28,22.02,9.9,9.54,104,10.3
00-0040734,TreVeyon Henderson,RB,NE,9.77,6.635,0.889,0.0,7.44,21.35,9.77,9.77,105,10.2
00-0038551,Kendre Miller,RB,NO,5.63,5.039,0.887,0.0,3.25,14.98,5.45,5.81,106,10.1
00-0038994,Jordan Addison,WR,MIN,11.25,7.189,0.99,0.73,9.94,24.43,11.1,11.4,107,10.1
00-0039739,Roman Wilson,WR,PIT,6.51,5.428,0.99,0.0,4.8,16.91,6.73,6.28,108,10.1
00-0038041,Jake Ferguson,TE,DAL,8.66,5.943,0.99,0.24,7.37,19.59,8.16,9.15,109,10.1
00-0040242,Jacory Croskey-Merritt,RB,WAS,9.97,6.561,0.855,0.0,7.41,21.19,9.44,10.5,110,10.1
00-0030279,Keenan Allen,WR,IND,10.25,6.839,0.98,0.16,8.77,22.79,10.1,10.4,111,10.0
00-0041037,Denzel Boston,WR,CLE,10.14,6.787,0.99,0.41,8.74,22.61,9.47,10.8,112,9.9
00-0036252,Michael Pittman Jr.,WR,PIT,8.12,6.063,0.683,0.0,3.38,17.65,8.43,7.8,113,9.6
00-0033906,Alvin Kamara,RB,NO,9.25,6.195,0.889,0.0,7.12,20.05,9.32,9.18,114,9.6
00-0032464,Kalif Raymond,WR,CHI,8.76,6.301,0.99,0.1,7.23,20.46,8.65,8.87,115,9.5
00-0039919,Rome Odunze,WR,CHI,9.41,6.524,0.641,0.0,3.69,19.3,9.35,9.47,116,9.4
00-0039798,Isaiah Davis,RB,NYJ,4.64,4.884,0.889,0.0,2.46,13.06,5.81,3.47,117,9.3
00-0036139,Rico Dowdle,RB,PIT,6.58,5.455,0.681,0.0,2.21,15.22,6.58,,118,9.3
00-0040730,RJ Harvey,RB,DEN,9.32,6.317,0.869,0.0,6.91,20.21,9.21,9.44,119,9.2
00-0036040,Juwan Johnson,TE,NO,10.7,6.73,0.921,0.0,8.88,22.57,10.6,10.8,120,9.1
00-0039894,Xavier Worthy,WR,KC,9.03,6.395,0.905,0.0,6.77,20.42,8.74,9.31,121,8.9
00-0039065,Sam LaPorta,TE,DET,10.8,6.767,0.99,0.79,9.64,23.11,10.8,10.8,122,8.9
00-0038544,Quentin Johnston,WR,LAC,8.39,6.178,0.99,0.03,6.81,19.91,8.87,7.91,123,8.9
00-0038563,Tre Tucker,WR,LV,9.45,6.561,0.99,0.23,7.97,21.6,9.54,9.35,124,8.8
00-0034348,Courtland Sutton,WR,DEN,9.12,6.448,0.99,0.16,7.61,21.07,9.31,8.93,125,8.8
00-0034753,Mark Andrews,TE,BAL,9.57,6.306,0.91,0.0,7.63,20.7,9.94,9.21,126,8.7
00-0036894,Pat Freiermuth,TE,PIT,7.92,5.64,0.99,0.1,6.58,18.35,7.26,8.57,127,8.7
00-0035229,T.J. Hockenson,TE,MIN,8.32,5.807,0.99,0.17,7.01,19.06,8.37,8.27,128,8.6
00-0039890,Adonai Mitchell,WR,NYJ,6.31,5.341,0.718,0.0,2.44,15.1,7.8,4.83,129,8.6
00-0037256,Rachaad White,RB,WAS,7.84,5.858,0.646,0.0,2.66,16.71,7.4,8.28,130,8.6
00-0037240,Jameson Williams,WR,DET,10.75,6.985,0.99,0.6,9.41,23.54,10.4,11.1,131,8.5
00-0038393,Dontayvion Wicks,WR,PHI,8.61,6.246,0.99,0.07,7.06,20.21,7.46,9.76,132,8.5
00-0038996,Tucker Kraft,TE,GB,10.22,6.552,0.99,0.61,9.03,22.17,9.84,10.6,133,8.3
00-0039880,Malik Washington,WR,MIA,9.62,6.594,0.99,0.29,8.19,21.8,9.35,9.9,134,8.2
00-0040583,Woody Marks,RB,HOU,7.99,5.721,0.99,0.07,6.65,18.53,7.64,8.35,135,8.1
00-0040142,Kaleb Johnson,RB,GB,5.83,5.159,0.99,0.0,4.09,15.84,4.72,6.95,136,8.1
00-0039738,Blake Corum,RB,LA,6.91,5.565,0.99,0.0,5.25,17.43,6.18,7.64,137,8.1
00-0037261,Khalil Shakir,WR,BUF,9.18,6.441,0.99,0.19,7.7,21.09,8.93,9.44,138,8.0
00-0039874,Jaylen Wright,RB,MIA,4.92,4.946,0.877,0.0,2.55,13.83,6.22,3.63,139,8.0
00-0040236,Kyle Monangai,RB,CHI,9.0,6.278,0.889,0.0,6.71,19.97,9.0,9.0,140,8.0
00-0033090,Hunter Henry,TE,NE,8.69,5.955,0.99,0.24,7.39,19.63,9.21,8.16,141,7.9
00-0040126,Colston Loveland,TE,CHI,9.24,6.175,0.99,0.36,7.98,20.55,9.24,9.24,142,7.9
00-0041547,KC Concepcion,WR,CLE,8.78,6.306,0.99,0.1,7.25,20.45,8.21,9.35,143,7.9
00-0041032,Kenyon Sadiq,TE,NYJ,9.52,6.284,0.9,0.0,7.48,20.53,9.2,9.84,144,7.8
00-0036970,Kyle Pitts Sr.,TE,ATL,8.39,5.836,0.99,0.19,7.08,19.17,8.41,8.37,145,7.7
00-0039424,Devaughn Vele,WR,NO,10.43,6.881,0.99,0.5,9.06,23.07,9.76,11.1,146,7.7
00-0038129,Cade Otton,TE,TB,7.4,5.423,0.99,0.03,6.04,17.45,8.27,6.54,147,7.7
00-0036550,Rashod Bateman,WR,BAL,8.26,6.174,0.99,0.01,6.63,19.8,7.61,8.91,148,7.6
00-0039410,Ryan Flournoy,WR,DAL,7.82,5.949,0.99,0.0,6.19,18.95,7.91,7.73,149,7.6
00-0034960,Jakobi Meyers,WR,JAX,10.2,6.801,0.894,0.0,7.89,22.2,10.2,10.2,150,7.5
00-0036158,J.K. Dobbins,RB,DEN,9.41,6.175,0.869,0.0,7.15,20.04,9.41,9.41,151,7.4
00-0041512,Jadarian Price,RB,SEA,9.2,6.235,0.859,0.0,6.71,19.89,9.18,9.21,152,7.4
00-0037545,Rashid Shaheed,WR,SEA,7.11,5.665,0.902,0.0,4.77,17.36,7.14,7.07,153,7.4
00-0035644,Noah Fant,TE,NO,5.88,4.735,0.99,0.0,4.45,14.86,6.36,5.39,154,7.3
00-0039793,AJ Barner,TE,SEA,7.52,5.473,0.91,0.0,5.57,17.28,7.52,7.52,155,7.3
00-0038621,DeMario Douglas,WR,NE,6.79,5.519,0.99,0.0,5.1,17.27,7.73,5.84,156,7.2
00-0034383,Dalton Schultz,TE,HOU,9.74,6.369,0.982,0.24,8.44,21.32,9.74,9.74,157,7.2
00-0033555,Mack Hollins,WR,NE,9.0,6.375,0.99,0.15,7.49,20.8,9.34,8.65,158,7.0
00-0039893,Brian Thomas Jr.,WR,JAX,8.64,6.247,0.894,0.0,6.28,19.74,8.85,8.43,159,7.0
00-0036259,Jauan Jennings,WR,MIN,5.99,5.195,0.0,0.0,0.0,0.0,6.28,5.7,160,7.0
00-0040867,Makai Lemon,WR,PHI,6.66,5.48,0.99,0.0,4.97,17.12,5.71,7.61,161,7.0
00-0041523,Caleb Douglas,WR,MIA,5.95,5.184,0.748,0.0,2.47,14.71,7.07,4.83,162,6.9
00-0037816,Romeo Doubs,WR,NE,9.77,6.668,0.99,0.31,8.33,22.08,9.44,10.1,163,6.9
00-0039032,Tyjae Spears,RB,TEN,6.43,5.547,0.681,0.0,2.01,15.28,7.13,5.73,164,6.9
00-0038935,Brenton Strange,TE,JAX,8.49,5.876,0.99,0.2,7.19,19.35,8.57,8.41,165,6.8
00-0037291,Jalen Nailor,WR,LV,6.03,5.21,0.99,0.0,4.32,16.14,6.19,5.87,166,6.8
00-0039811,MarShawn Lloyd,RB,GB,6.9,5.55,0.99,0.0,5.25,17.38,8.35,5.45,167,6.8
00-0033110,Tyler Higbee,TE,LA,6.54,5.045,0.941,0.0,4.8,15.73,5.56,7.53,168,6.8
00-0040727,Tre' Harris,WR,LAC,7.13,5.668,0.99,0.0,5.46,17.84,7.13,7.14,169,6.7
00-0038797,Emanuel Wilson,RB,SEA,5.74,5.23,0.869,0.0,3.13,15.36,5.85,5.64,170,6.7
00-0038618,Xavier Hutchinson,WR,HOU,7.3,5.734,0.99,0.0,5.63,18.08,7.48,7.13,171,6.6
00-0031610,Darren Waller,TE,CAR,8.33,5.811,0.941,0.0,6.64,18.85,7.46,9.2,172,6.6
00-0038608,Kayshon Boutte,WR,HOU,6.96,5.602,0.99,0.0,5.28,17.61,6.44,7.48,173,6.6
00-0037746,Brian Robinson Jr.,RB,ATL,5.22,4.95,0.889,0.0,2.82,14.58,5.12,5.32,174,6.5
00-0026864,Isaiah Williams,WR,,5.49,4.974,0.99,0.0,3.75,15.28,5.08,5.9,175,6.5
00-0040189,Oronde Gadsden,TE,LAC,7.0,5.247,0.99,0.0,5.61,16.79,6.54,7.46,176,6.5
00-0039901,Keon Coleman,WR,BUF,5.62,5.023,0.748,0.0,2.24,14.13,5.68,5.55,177,6.3
00-0036244,Colby Parkinson,TE,LA,5.26,4.438,0.76,0.0,2.38,12.76,5.26,5.26,178,6.3
00-0040584,Gunnar Helm,TE,TEN,5.93,4.761,0.99,0.0,4.51,14.96,6.3,5.56,179,6.3
00-0037741,Jahan Dotson,WR,ATL,4.83,4.652,0.99,0.0,3.1,14.17,,4.83,180,6.2
00-0039342,Xavier Legette,WR,CAR,5.01,4.741,0.748,0.0,1.84,13.14,5.19,4.83,181,6.1
00-0035891,Cody White,WR,LV,4.83,4.667,0.917,0.0,2.72,13.77,,4.83,182,6.1
00-0041052,Kaelon Black,RB,SF,5.41,5.036,0.562,0.0,0.39,12.66,4.64,6.18,183,5.9
00-0041042,Malachi Fields,WR,NYG,6.26,5.305,0.99,0.0,4.55,16.47,5.78,6.73,184,5.8
00-0037263,Tyler Allgeier,RB,ARI,7.18,5.619,0.99,0.0,5.56,17.68,6.95,7.4,185,5.8
00-0041525,Chris Bell,WR,MIA,6.64,5.483,0.908,0.0,4.37,16.72,5.54,7.74,186,5.8
00-0041048,Ted Hurst III,WR,TB,6.04,5.217,0.99,0.0,4.33,16.15,5.9,6.19,187,5.8
00-0034975,Justice Hill,RB,BAL,5.31,4.882,0.99,0.0,3.58,14.93,5.32,5.31,188,5.7
00-0033921,Chris Godwin Jr.,WR,TB,9.12,6.44,0.748,0.0,5.15,19.65,8.91,9.34,189,5.5
00-0038454,Keaton Mitchell,RB,LAC,5.78,5.254,0.877,0.0,3.2,15.48,4.97,6.58,190,5.4
00-0037120,Tyler Goodson,RB,DAL,2.14,3.467,0.99,0.0,1.36,6.21,1.63,2.65,191,5.3
00-0033881,Evan Engram,TE,DEN,6.21,4.889,0.99,0.0,4.78,15.4,5.55,6.86,192,5.3
00-0037809,Chig Okonkwo,TE,WAS,4.5,4.052,0.897,0.0,2.65,12.09,,,193,5.3
00-0040134,Pat Bryant,WR,DEN,6.58,5.442,0.99,0.0,4.89,17.01,5.7,7.46,194,5.2
00-0040170,Elic Ayomanor,WR,TEN,5.32,4.882,0.99,0.0,3.59,14.98,5.81,4.83,195,5.2
00-0033307,Kendrick Bourne,WR,ARI,6.0,5.205,0.99,0.0,4.27,16.08,5.55,6.44,196,5.2
00-0038090,Skyy Moore,WR,GB,4.83,4.658,0.99,0.0,3.09,14.17,,4.83,197,5.1
00-0039066,Michael Mayer,TE,LV,5.88,4.735,0.99,0.0,4.45,14.86,5.39,6.36,198,5.1
00-0038104,Tyquan Thornton,WR,KC,5.47,4.969,0.99,0.0,3.74,15.28,5.27,5.68,199,5.1
00-0034829,Mike Gesicki,TE,CIN,7.39,5.419,0.99,0.02,6.03,17.45,7.53,7.26,200,5.0
00-0040669,Isaac TeSlaa,WR,DET,5.14,4.813,0.99,0.0,3.39,14.71,5.14,5.14,201,5.0
00-0037005,Tommy Tremble,TE,CAR,4.26,3.921,0.99,0.0,2.87,12.04,4.2,4.32,202,5.0
00-0035208,Olamide Zaccheaus,WR,ATL,4.83,4.653,0.99,0.0,3.09,14.17,,4.83,203,4.9
00-0036919,Kenny Gainwell,RB,TB,5.85,5.146,0.99,0.0,4.12,15.8,,5.85,204,4.9
00-0037252,Greg Dulcich,TE,MIA,6.39,4.974,0.99,0.0,4.96,15.72,6.86,5.92,205,4.8
00-0040466,Raheim Sanders,RB,CLE,4.53,4.554,0.99,0.0,2.89,13.18,4.37,4.69,206,4.8
00-0033908,Cooper Kupp,WR,SEA,6.38,5.361,0.894,0.0,4.03,16.18,7.05,5.71,207,4.8
00-0007024,Marvin Harrison Jr.,WR,,7.98,6.013,0.99,0.0,6.36,19.18,7.74,8.21,208,4.7
00-0032398,Chris Moore,WR,BAL,4.83,4.656,0.908,0.0,2.67,13.74,,4.83,209,4.6
00-0040894,Malik Benson,WR,LV,4.83,4.653,0.917,0.0,2.72,13.81,,4.83,210,4.6
00-0036309,Darnell Mooney,WR,NYG,5.35,4.901,0.99,0.0,3.62,15.03,5.87,4.83,211,4.5
00-0036407,Jerry Jeudy,WR,CLE,5.19,4.833,0.905,0.0,2.97,14.38,5.46,4.92,212,4.5
00-0036893,Najee Harris,RB,NYG,5.04,4.915,0.99,0.0,3.22,14.73,5.04,5.04,213,4.4
00-0039299,George Holani,RB,SEA,5.21,4.982,0.859,0.0,2.62,14.49,5.31,5.12,214,4.4
00-0041040,Antonio Williams,WR,WAS,5.65,5.05,0.99,0.0,3.92,15.5,5.84,5.46,215,4.3
00-0040736,Mason Taylor,TE,NYJ,3.3,3.376,0.731,0.0,1.11,8.7,4.35,2.25,216,4.2
00-0041529,Kevin Coleman Jr.,WR,MIA,4.83,4.658,0.99,0.0,3.09,14.17,,4.83,217,4.2
00-0037742,Treylon Burks,WR,WAS,4.83,4.659,0.99,0.0,3.09,14.17,,4.83,218,4.1
00-0038611,Chris Rodriguez Jr.,RB,JAX,6.33,5.413,0.99,0.0,4.57,16.73,5.73,6.92,219,4.0
00-0032392,Austin Hooper,TE,ATL,3.91,3.729,0.99,0.0,2.53,11.4,3.62,4.2,220,4.0
00-0032951,Laquon Treadwell,WR,IND,4.88,4.691,0.905,0.0,2.68,13.86,4.92,4.83,221,4.0
00-0033526,Samaje Perine,RB,CIN,4.73,4.659,0.676,0.0,1.22,12.08,4.73,4.73,222,4.0
00-0035689,Dawson Knox,TE,BUF,3.95,3.751,0.99,0.0,2.56,11.44,4.09,3.81,223,4.0
00-0039847,Theo Johnson,TE,NYG,4.33,3.959,0.91,0.0,2.56,11.81,4.33,4.33,224,3.9
00-0027608,Kyle Williams,WR,,4.83,4.661,0.99,0.0,3.09,14.17,,4.83,225,3.8
00-0038728,Jared Wayne,WR,HOU,4.83,4.65,0.99,0.0,3.09,14.16,,4.83,226,3.8
00-0033858,Jonnu Smith,TE,GB,3.79,3.664,0.99,0.0,2.43,11.14,4.25,3.34,227,3.8
00-0041100,Josh Cameron,WR,JAX,4.83,4.661,0.99,0.0,3.09,14.17,,4.83,228,3.5
00-0040075,LaJohntay Wester,WR,BAL,4.83,4.65,0.99,0.0,3.09,14.16,,4.83,229,3.5
00-0036265,AJ Dillon,RB,CAR,3.4,4.134,0.99,0.0,2.15,9.95,3.63,3.16,230,3.5
00-0040237,Tez Johnson,WR,TB,4.83,4.649,0.99,0.0,3.09,14.16,,4.83,231,3.4
00-0036637,Noah Gray,TE,KC,3.4,3.433,0.99,0.0,2.16,9.91,3.31,3.48,232,3.3
00-0036988,Joshua Palmer,WR,BUF,2.8,3.535,0.99,0.0,1.78,8.21,,,233,3.3
00-0039391,Kimani Vidal,RB,LAC,2.83,3.992,0.99,0.0,1.8,8.24,2.8,2.87,234,3.3
00-0037093,Dareke Young,WR,LV,2.8,3.536,0.902,0.0,1.52,7.95,,,235,3.3
00-0035537,Ty Johnson,RB,BUF,4.83,4.769,0.869,0.0,2.45,13.52,4.69,4.97,236,3.2
00-0030061,Zach Ertz,TE,PHI,4.34,3.967,0.99,0.0,2.95,12.16,4.26,4.43,237,3.2
00-0041067,Bryce Lance,WR,NO,4.83,4.662,0.99,0.0,3.09,14.18,,4.83,238,3.2
00-0038558,Darnell Washington,TE,PIT,4.99,4.303,0.921,0.0,3.21,13.03,4.43,5.55,239,3.2
00-0040878,Mike Washington Jr.,RB,LV,5.38,5.084,0.99,0.0,3.51,15.5,4.53,6.22,240,3.1
00-0039365,Jacob Cowing,WR,SF,4.83,4.652,0.99,0.0,3.1,14.17,,4.83,241,3.0
00-0040138,Jaylin Noel,WR,HOU,5.3,4.883,0.99,0.0,3.57,14.94,4.83,5.78,242,3.0
00-0041125,Seth McGowan,RB,IND,2.06,3.348,0.99,0.0,1.31,5.99,2.16,1.95,243,3.0
00-0040785,Dohnte Meyers,WR,CIN,4.83,4.658,0.99,0.0,3.09,14.17,,4.83,244,2.9
00-0038685,Chris Brooks,RB,GB,4.08,4.339,0.99,0.0,2.59,11.93,3.44,4.72,245,2.9
00-0036463,Chris Blair,WR,ATL,2.46,3.305,0.99,0.0,1.56,7.19,,,246,2.9
00-0041013,Emmett Johnson,RB,KC,5.8,5.177,0.99,0.0,4.03,15.92,4.47,7.13,247,2.9
00-0037085,Tyler Badie,RB,DEN,1.85,3.141,0.99,0.0,1.18,5.39,1.77,1.93,248,2.8
00-0041326,CJ Donaldson,RB,NO,2.67,3.728,0.99,0.0,1.69,7.76,3.47,1.88,249,2.8
00-0036290,Cole Kmet,TE,CHI,3.92,3.732,0.99,0.0,2.53,11.4,3.48,4.35,250,2.7
00-0038976,Marvin Mims Jr.,WR,DEN,4.83,4.649,0.917,0.0,2.72,13.8,,4.83,251,2.7
00-0038115,Daniel Bellinger,TE,TEN,2.92,3.145,0.912,0.0,1.62,8.35,3.04,2.81,252,2.6
00-0037091,Bo Melton,WR,GB,4.83,4.667,0.905,0.0,2.65,13.7,,4.83,253,2.6
00-0036980,Elijah Moore,WR,PHI,4.83,4.65,0.905,0.0,2.66,13.74,,4.83,254,2.5
00-0039746,Will Shipley,RB,PHI,3.28,3.975,0.681,0.0,0.87,8.38,1.93,4.64,255,2.5
00-0040024,Darius Cooper,WR,PHI,4.83,4.665,0.917,0.0,2.72,13.82,,4.83,256,2.5
00-0036425,DeeJay Dallas,RB,MIN,3.37,4.118,0.889,0.0,1.78,9.54,2.37,4.37,257,2.4
00-0039364,Sione Vaki,RB,DET,4.26,4.453,0.99,0.0,2.71,12.42,3.99,4.53,258,2.4
00-0038555,Tank Bigsby,RB,PHI,3.5,4.391,0.873,0.0,1.79,9.86,3.02,3.99,259,2.4
00-0040646,Jalen Royals,WR,KC,4.83,4.661,0.99,0.0,3.09,14.17,,4.83,260,2.4
00-0039074,Davis Allen,TE,LA,3.08,3.245,0.99,0.0,1.96,9.03,2.55,3.62,261,2.4
00-0039875,Ray Davis,RB,BUF,2.48,4.141,0.99,0.0,1.58,7.24,1.93,3.02,262,2.3
00-0039041,Elijah Higgins,TE,ARI,2.63,2.959,0.99,0.0,1.67,7.67,2.81,2.46,263,2.3
00-0034981,Foster Moreau,TE,HOU,3.31,3.382,0.99,0.0,2.11,9.68,3.45,3.17,264,2.3
00-0037801,KaVontae Turpin,WR,DAL,4.83,4.67,0.99,0.0,3.09,14.14,,4.83,265,2.3
00-0036626,Dyami Brown,WR,WAS,4.83,4.663,0.99,0.0,3.09,14.18,,4.83,266,2.2
00-0037805,Jeremy Ruckert,TE,NYJ,3.83,3.684,0.913,0.0,2.14,10.92,3.57,4.09,267,2.2
00-0039021,Roschon Johnson,RB,CHI,1.61,2.939,0.99,0.0,1.03,4.68,,1.61,268,2.1
00-0033576,Eric Saubert,TE,SEA,2.08,2.575,0.99,0.0,1.32,6.12,2.08,,269,2.1
00-0041104,Demond Claiborne,RB,MIN,2.91,3.899,0.99,0.0,1.84,8.48,2.91,2.91,270,2.1
00-0035631,Drew Sample,TE,CIN,3.0,3.196,0.99,0.0,1.91,8.79,2.91,3.1,271,2.0
00-0036862,Ben Skowronek,WR,PIT,4.83,4.671,0.99,0.0,3.09,14.15,,4.83,272,2.0
00-0040648,Tory Horton,WR,SEA,4.83,4.682,0.902,0.0,2.63,13.63,,4.83,273,2.0
00-0041044,Zachariah Branch,WR,ATL,4.83,4.655,0.902,0.0,2.64,13.71,,4.83,274,2.0
00-0038409,Lew Nichols,RB,PIT,1.63,3.068,0.99,0.0,1.05,4.73,,1.63,275,2.0
00-0041395,Eli Raridon,TE,NE,2.7,2.998,0.897,0.0,1.45,7.62,3.17,2.22,276,1.9
00-0041415,Dean Connors,RB,LA,1.61,3.088,0.99,0.0,1.04,4.7,,,277,1.9
00-0038710,Blake Whiteheart,TE,CLE,2.5,2.872,0.99,0.0,1.59,7.35,2.39,2.62,278,1.8
00-0041550,Brenen Thompson,WR,LAC,4.83,4.661,0.711,0.0,1.49,12.61,,4.83,279,1.8
00-0034837,Calvin Ridley,WR,TEN,4.83,4.673,0.99,0.0,3.09,14.15,,4.83,280,1.8
00-0038783,Nate Adkins,TE,DEN,2.35,2.77,0.99,0.0,1.49,6.92,2.26,2.45,281,1.7
00-0040277,Jahdae Walker,WR,CHI,4.83,4.656,0.99,0.0,3.09,14.16,,4.83,282,1.7
00-0039868,Troy Franklin,WR,DEN,4.83,4.673,0.917,0.0,2.72,13.79,,4.83,283,1.7
00-0039489,Hayden Rucci,TE,LAC,2.45,2.835,0.99,0.0,1.55,7.18,2.45,,284,1.7
00-0031235,Odell Beckham Jr.,WR,NYG,1.44,2.526,0.99,0.0,0.93,4.22,,,285,1.7
00-0033246,Johnny Mundt,TE,PHI,2.49,2.862,0.99,0.0,1.58,7.28,1.94,3.04,286,1.6
00-0040563,Efton Chism III,WR,NE,4.83,4.67,0.99,0.0,3.09,14.14,,4.83,287,1.6
00-0041314,Tanner Arkin,TE,NE,1.36,2.007,0.99,0.0,0.86,3.97,,,288,1.6
00-0041292,Kolbe Katsis,WR,DEN,1.36,2.449,0.99,0.0,0.87,3.94,,,289,1.6
00-0040187,Mitchell Evans,TE,CAR,3.51,3.5,0.99,0.0,2.24,10.28,2.76,4.26,290,1.5
00-0036887,Luke Farrell,TE,SF,2.16,2.633,0.99,0.0,1.37,6.34,1.93,2.39,291,1.5
00-0035021,Ashton Dulin,WR,IND,1.19,2.289,0.748,0.0,0.45,3.11,,,292,1.4
00-0040331,Patrick Herbert,TE,LAC,1.19,1.856,0.99,0.0,0.76,3.45,,,293,1.4
00-0041558,Sam Roush,TE,CHI,2.77,3.043,0.99,0.0,1.76,8.11,2.62,2.91,294,1.4
00-0040405,Jamaal Pritchett,WR,NYJ,1.19,2.288,0.99,0.0,0.77,3.47,,,295,1.4
00-0041267,Malik McClain,WR,NYJ,1.19,2.288,0.99,0.0,0.77,3.47,,,296,1.4
00-0038824,Ryan Miller,WR,MIA,4.83,4.664,0.667,0.0,1.18,12.32,,4.83,297,1.4
00-0039792,Devontez Walker,WR,BAL,4.83,4.676,0.902,0.0,2.64,13.67,,4.83,298,1.3
00-0040590,Konata Mumpfield,WR,LA,5.54,5.039,0.99,0.0,3.78,15.49,,5.54,299,1.3
00-0036754,Brock Wright,TE,DET,2.8,3.066,0.99,0.0,1.78,8.21,3.34,2.26,300,1.3
00-0040705,Chimere Dike,WR,TEN,4.83,4.673,0.99,0.0,3.09,14.15,,4.83,301,1.3
00-0036422,Adam Trautman,TE,DEN,2.56,2.909,0.99,0.0,1.62,7.51,2.44,2.68,302,1.2
00-0040154,Tai Felton,WR,MIN,4.83,4.641,0.99,0.0,3.1,14.13,,4.83,303,1.1
00-0041489,Germie Bernard,WR,PIT,4.83,4.659,0.99,0.0,3.09,14.17,,4.83,304,1.1
00-0039814,Erick All Jr.,TE,CIN,2.6,2.939,0.99,0.0,1.65,7.62,2.45,2.76,305,1.1
00-0038840,Brycen Tremayne,WR,CAR,5.81,5.145,0.99,0.0,4.07,15.82,,5.81,306,1.0
00-0036590,Quintin Morris,TE,JAX,0.85,1.676,0.99,0.0,0.55,2.46,,,307,1.0
00-0036628,John Bates,TE,WAS,2.88,3.12,0.99,0.0,1.83,8.45,2.46,3.31,308,1.0
00-0038738,Hunter Luepke,RB,DAL,1.93,3.219,0.99,0.0,1.23,5.63,,1.93,309,1.0
00-0041094,Bauer Sharp,TE,TB,0.85,1.676,0.99,0.0,0.55,2.46,,,310,1.0
00-0040194,Jackson Hawes,TE,BUF,2.39,2.794,0.99,0.0,1.51,7.01,2.21,2.57,311,1.0
00-0040948,J. Michael Sturdivant,WR,GB,4.83,4.662,0.99,0.0,3.09,14.18,,4.83,312,1.0
00-0040172,Jordan Watkins,WR,SF,5.19,4.831,0.99,0.0,3.45,14.8,,5.19,313,1.0
00-0032104,Ameer Abdullah,RB,JAX,1.94,3.291,0.99,0.0,1.24,5.68,1.95,1.94,314,0.9
00-0033217,Mo Alie-Cox,TE,IND,2.77,3.047,0.756,0.0,1.02,7.4,2.77,,315,0.9
00-0040215,Gavin Bartholomew,TE,MIN,0.77,1.676,0.99,0.0,0.5,2.17,,,316,0.9
00-0040718,Travis Hunter,WR,JAX,4.83,4.661,0.99,0.0,3.09,14.17,,4.83,317,0.9
00-0039530,Brevyn Spann-Ford,TE,DAL,2.3,2.732,0.99,0.0,1.46,6.75,2.16,2.44,318,0.9
00-0037317,Nick Muse,TE,ATL,0.68,1.676,0.91,0.0,0.4,1.89,,,319,0.8
00-0038794,Jaleel McLaughlin,RB,CLE,1.61,3.084,0.99,0.0,1.04,4.69,,1.61,320,0.8
00-0040739,Elijah Arroyo,TE,SEA,2.69,2.995,0.99,0.0,1.7,7.83,1.93,3.45,321,0.8
00-0039751,Jordan Whittington,WR,LA,4.83,4.647,0.902,0.0,2.64,13.71,,4.83,322,0.8
00-0041503,Nate Boerkircher,TE,JAX,2.71,3.011,0.99,0.0,1.72,7.94,2.31,3.12,323,0.8
00-0034854,KhaDarel Hodge,WR,SF,5.27,4.868,0.748,0.0,2.01,13.55,,5.27,324,0.8
00-0039384,Tyrone Tracy Jr.,RB,NYG,2.83,4.45,0.681,0.0,0.77,7.23,2.87,2.8,325,0.8
00-0038498,E.J. Jenkins,TE,PHI,0.68,1.676,0.99,0.0,0.46,1.94,,,326,0.8
00-0039912,Ben Sinnott,TE,WAS,2.65,2.968,0.9,0.0,1.43,7.52,1.73,3.57,327,0.8
00-0037614,John Metchie III,WR,CAR,4.83,4.666,0.99,0.0,3.09,14.19,,4.83,328,0.8
00-0039050,Payne Durham,TE,TB,0.68,1.676,0.99,0.0,0.46,1.94,,,329,0.8
00-0038359,Xavier Smith,WR,LA,4.83,4.679,0.99,0.0,3.09,14.11,,4.83,330,0.7
00-0040363,Keleki Latu,TE,BUF,0.59,1.676,0.99,0.0,0.41,1.68,,,331,0.7
00-0040887,Josh Cuevas,TE,BAL,2.03,2.539,0.99,0.0,1.28,5.96,2.03,,332,0.7
00-0037004,Hunter Long,TE,ARI,2.0,2.517,0.99,0.0,1.26,5.85,2.0,,333,0.7
00-0037292,Drew Ogletree,TE,IND,0.59,1.676,0.91,0.0,0.36,1.64,,,334,0.7
00-0038573,Derius Davis,WR,LAC,0.59,2.085,0.902,0.0,0.38,1.52,,,335,0.7
00-0040886,Nicholas Singleton,RB,TEN,2.16,3.481,0.99,0.0,1.37,6.27,,2.16,336,0.6
00-0039796,Rasheen Ali,RB,BAL,1.61,3.103,0.99,0.0,1.04,4.63,,1.61,337,0.6
00-0041051,Zavion Thomas,WR,CHI,4.83,4.657,0.99,0.0,3.09,14.16,,4.83,338,0.6
00-0040081,Jake Briningstool,TE,KC,2.39,2.794,0.99,0.0,1.51,7.01,2.39,,339,0.6
00-0038547,Luke Schoonmaker,TE,DAL,2.33,2.756,0.756,0.0,0.86,6.22,2.28,2.39,340,0.6
00-0041524,Will Kacmarek,TE,MIA,2.1,2.594,0.908,0.0,1.16,5.99,1.93,2.28,341,0.6
00-0034798,Durham Smythe,TE,BAL,2.16,2.633,0.913,0.0,1.2,6.17,2.01,2.31,342,0.6
00-0035544,Tom Kennedy,WR,DET,0.42,2.084,0.99,0.0,0.37,1.04,,,343,0.5
00-0039359,Cade Stover,TE,HOU,1.78,2.351,0.99,0.0,1.13,5.19,1.78,,344,0.5
00-0038951,Sean Tucker,RB,TB,1.87,3.452,0.869,0.0,0.97,5.24,1.67,2.07,345,0.5
00-0036630,Tylan Wallace,WR,CLE,0.34,2.095,0.748,0.0,0.22,0.99,,,346,0.4
00-0031484,Chris Manhertz,TE,NYG,0.34,1.676,0.99,0.0,0.3,0.84,,,347,0.4
00-0041041,Oscar Delp,TE,NO,0.34,1.676,0.908,0.0,0.26,0.83,,,348,0.4
00-0037304,Connor Heyward,TE,LV,1.85,2.404,0.99,0.0,1.17,5.43,1.85,,349,0.3
00-0033757,Robert Tonyan,TE,PIT,0.26,1.676,0.99,0.0,0.29,0.83,,,350,0.3
00-0037745,Velus Jones Jr.,RB,SEA,0.26,2.535,0.99,0.0,0.44,1.24,,,351,0.3
00-0037132,Britain Covey,WR,PHI,0.26,2.09,0.99,0.0,0.36,1.03,,,352,0.3
00-0039648,David Martin-Robinson,TE,TEN,0.26,1.676,0.99,0.0,0.29,0.83,,,353,0.3
00-0039062,Jonathan Mingo,WR,DAL,0.26,2.09,0.99,0.0,0.36,1.03,,,354,0.3
00-0040164,Jaylin Lane,WR,WAS,4.83,4.652,0.902,0.0,2.64,13.73,,4.83,355,0.3
00-0040534,Ke'Shawn Williams,WR,CIN,0.17,2.091,0.99,0.0,0.36,1.02,,,356,0.2
00-0036331,Devin Duvernay,WR,ARI,0.17,2.091,0.99,0.0,0.36,1.02,,,357,0.2
00-0039407,Dylan Laube,RB,LV,1.61,2.933,0.99,0.0,1.04,4.71,,1.61,358,0.2
00-0038519,Nikko Remigio,WR,KC,0.09,2.084,0.99,0.0,0.36,1.01,,,359,0.1
00-0035594,Travis Homer,RB,PIT,2.05,3.379,0.99,0.0,1.31,5.95,,2.05,360,0.1
00-0037594,Julius Chestnut,RB,TEN,1.61,2.925,0.99,0.0,1.03,4.7,,1.61,361,0.1
00-0036825,Feleipe Franks,TE,CAR,0.0,1.676,0.99,0.0,0.28,0.81,,,362,0.0
00-0036646,Simi Fehoko,WR,ARI,0.0,2.084,0.99,0.0,0.35,1.0,,,363,0.0
00-0040506,Myles Price,WR,MIN,4.83,4.667,0.99,0.0,3.09,14.13,,4.83,364,0.0
00-0038564,Cameron Latu,TE,NE,1.97,2.495,0.99,0.0,1.25,5.79,1.97,,365,0.0
db_jalenmorenocropper_wr,Jalen Moreno-Cropper,WR,,0.0,2.095,0.99,0.0,0.35,1.01,,,366,0.0
00-0039518,Treyton Welch,TE,NO,0.0,1.676,0.99,0.0,0.28,0.81,,,367,0.0
00-0040058,Nick Kallerup,TE,SEA,0.0,1.676,0.99,0.0,0.28,0.81,,,368,0.0
00-0038643,Brayden Willis,TE,SF,0.0,1.676,0.99,0.0,0.28,0.81,,,369,0.0
